,Name,Community
0,%C3%81ed%C3%A1n_mac_Gabr%C3%A1in,1
1,Bede,0
2,Columba,1
3,D%C3%A1l_Riata,1
4,Great_Britain,1
5,Ireland,1
6,Isle_of_Man,1
7,Monarchy,1
8,Orkney,1
9,Picts,1
10,Scotland,1
11,Wales,1
12,%C3%85land,1
13,20th_century,0
14,Baltic_Sea,1
15,Crimean_War,1
16,Currency,1
17,Euro,1
18,European_Union,1
19,Finland,1
20,League_of_Nations,1
21,List_of_countries_by_system_of_government,1
22,Nationality,0
23,Parliamentary_system,1
24,Police,0
25,Russia,0
26,Stockholm,1
27,Sweden,1
28,Time_zone,1
29,Tourism,1
30,United_Kingdom,1
31,World_War_II,3
32,%C3%89douard_Manet,0
33,Absinthe,2
34,Beer,2
35,Claude_Monet,0
36,Diego_Vel%C3%A1zquez,0
37,Edgar_Allan_Poe,0
38,France,1
39,Francisco_Goya,0
40,Germany,0
41,Impressionism,0
42,Italy,0
43,Landscape,0
44,Netherlands,1
45,Painting,0
46,Paris,0
47,Photography,4
48,Raphael,0
49,Renaissance,0
50,United_States_dollar,3
51,Washington%2C_D.C.,3
52,%C3%89ire,1
53,Canada,3
54,English_language,1
55,George_VI_of_the_United_Kingdom,1
56,Northern_Ireland,1
57,Ottawa,3
58,Republic_of_Ireland,1
59,%C3%93engus_I_of_the_Picts,1
60,Durham,1
61,England,1
62,Lion,2
63,Mercia,1
64,Viking,1
65,York,1
66,%E2%82%AC2_commemorative_coins,0
67,Athens,0
68,Atlantic_Ocean,1
69,Austria,0
70,Belgium,1
71,Berlin,0
72,Brussels,0
73,Cathedral_of_Magdeburg,0
74,Cereal,2
75,Christopher_Columbus,3
76,Cologne,0
77,Comet,4
78,Dresden,0
79,Galileo_Galilei,4
80,Greece,0
81,Hamburg,0
82,Harold_Macmillan,1
83,Heraldry,1
84,History,0
85,Luxembourg,1
86,Maize,2
87,Miguel_de_Cervantes,0
88,Monaco,1
89,Munich,0
90,Numismatics,5
91,Nutrition,4
92,Pope_John_Paul_II,0
93,Portugal,1
94,Rice,2
95,San_Marino,1
96,Sanssouci,0
97,Soviet_Union,0
98,Spain,3
99,Suffrage,1
100,Turin,0
101,United_Nations,1
102,United_States,3
103,Vatican_City,1
104,Wheat,2
105,Zeus,0
106,10th_century,0
107,11th_century,0
108,9th_century,0
109,Algeria,1
110,Black_Sea,0
111,Byzantine_Empire,0
112,Dark_Ages,0
113,Dublin,1
114,Great_Moravia,0
115,India,5
116,Khazars,0
117,Maya_civilization,0
118,Mexico,3
119,Myanmar,5
120,Philippines,5
121,Poland,0
122,Solar_System,4
123,Time,0
124,12th_century,0
125,13th_century,0
126,14th_century,0
127,15th_century,0
128,16th_century,0
129,17th_century,0
130,18th_century,0
131,19th_century,0
132,1st_century,0
133,1st_century_BC,0
134,21st_century,5
135,2nd_century,0
136,3rd_century,0
137,4th_century,0
138,5th_century,0
139,6th_century,0
140,7th_century,0
141,8th_century,0
142,Battle_of_Hastings,1
143,Canute_the_Great,1
144,China,5
145,Crusades,0
146,Domesday_Book,1
147,East-West_Schism,0
148,Edward_the_Confessor,1
149,First_Crusade,0
150,Ghana,1
151,Jerusalem,0
152,Leif_Ericson,3
153,Macbeth_of_Scotland,1
154,Mauritania,1
155,Nigeria,1
156,Norman_conquest_of_England,1
157,North_America,2
158,Novel,0
159,William_I_of_England,1
160,Angkor_Wat,5
161,Croatia,1
162,Francis_of_Assisi,0
163,Frederick_II%2C_Holy_Roman_Emperor,0
164,Genghis_Khan,0
165,Henry_II_of_England,1
166,Hungary,0
167,Iceland,1
168,Iran,0
169,Mongol_Empire,0
170,Richard_I_of_England,1
171,Saladin,0
172,Second_Crusade,0
173,Serbia,1
174,The_Anarchy,1
175,Thomas_Becket,1
176,Angola,1
177,Arabic_language,0
178,Asia,2
179,Bantu,1
180,Buddhism,5
181,Cambodia,5
182,Dante_Alighieri,0
183,Europe,2
184,Holy_Roman_Empire,0
185,Islam,0
186,John_of_England,1
187,Laos,1
188,Magna_Carta,1
189,Malaysia,5
190,Marco_Polo,0
191,Norway,1
192,Thailand,5
193,Thomas_Aquinas,0
194,Abacus,0
195,Aztec,0
196,Black_Death,0
197,Buddha,5
198,Christianity,0
199,Edward_III_of_England,1
200,English_peasants%27_revolt_of_1381,1
201,Hundred_Years%27_War,1
202,Ibn_Battuta,0
203,Lithuania,1
204,Ming_Dynasty,5
205,Niger,1
206,Ottoman_Empire,0
207,Pope,0
208,Singapore,5
209,Timur,0
210,15th_Marine_Expeditionary_Unit,5
211,2004_Indian_Ocean_earthquake,5
212,Afghanistan,5
213,Australia,5
214,California,3
215,East_Timor,1
216,Famine,1
217,Indian_Ocean,5
218,Indonesia,5
219,Iraq,1
220,Kuwait,1
221,Kuwait_City,0
222,Mogadishu,1
223,Mount_Pinatubo,4
224,Pakistan,5
225,Persian_Gulf,0
226,Royal_Marines,1
227,Rwanda,1
228,Somalia,1
229,Sri_Lanka,5
230,Sumatra,5
231,Uganda,1
232,Art,0
233,Baghdad,0
234,Battle_of_Grunwald,0
235,Beijing,5
236,Henry_VII_of_England,1
237,Henry_V_of_England,1
238,Inca_Empire,3
239,Jew,0
240,Joan_of_Arc,0
241,Johannes_Ockeghem,0
242,Korea,5
243,Leonardo_da_Vinci,0
244,Philosophy,0
245,Plato,0
246,Richard_III_of_England,1
247,Spanish_Inquisition,0
248,Vasco_da_Gama,5
249,Wars_of_the_Roses,1
250,Zheng_He,5
251,16_Cygni,4
252,16_Cygni_Bb,4
253,Binary_star,4
254,Day,4
255,Extrasolar_planet,4
256,Jupiter,4
257,Red_dwarf,4
258,Sun,4
259,Earth,4
260,Planet,4
261,Season,4
262,Star,4
263,Water,4
264,Akbar,5
265,Amazon_River,3
266,Amsterdam,0
267,Anglicanism,1
268,Babur,5
269,Brazil,3
270,British_East_India_Company,5
271,Charles_V%2C_Holy_Roman_Emperor,0
272,Edward_VI_of_England,1
273,Egypt,0
274,Elizabeth_I_of_England,1
275,Ferdinand_Magellan,5
276,Florida,3
277,Francis_Drake,1
278,Grand_Canyon,3
279,Heliocentrism,4
280,Henry_VIII_of_England,1
281,Hern%C3%A1n_Cort%C3%A9s,3
282,Italian_Renaissance,0
283,Ivan_IV_of_Russia,0
284,Jacques_Cartier,3
285,Japan,5
286,John_Calvin,0
287,Juan_Sebasti%C3%A1n_Elcano,5
288,Martin_Luther,0
289,Mary_I_of_England,1
290,Mary_I_of_Scotland,1
291,Mona_Lisa,0
292,Nicolaus_Copernicus,0
293,Opera,0
294,Pacific_Ocean,5
295,Philip_II_of_Spain,0
296,Polish-Lithuanian_Commonwealth,0
297,Roman_Catholic_Church,0
298,Science,0
299,Spanish_Armada,1
300,Spanish_conquest_of_the_Inca_Empire,3
301,Suleiman_the_Magnificent,0
302,Textile,0
303,Thomas_More,0
304,Watch,0
305,William_Shakespeare,0
306,William_the_Silent,0
307,1755_Lisbon_earthquake,0
308,Barbados,1
309,Earthquake,5
310,Geology,4
311,Gottfried_Leibniz,0
312,Immanuel_Kant,0
313,Jean-Jacques_Rousseau,0
314,Lisbon,0
315,Martinique,1
316,Morocco,1
317,North_Africa,0
318,Peter_Paul_Rubens,0
319,Ren%C3%A9_Descartes,0
320,The_Holocaust,0
321,Tsunami,5
322,Voltaire,0
323,Armand_Jean_du_Plessis%2C_Cardinal_Richelieu,0
324,Bacteria,4
325,Banknote,5
326,Baruch_Spinoza,0
327,Bible,0
328,Blaise_Pascal,0
329,Calculus,0
330,Cape_Town,1
331,Charles_II_of_England,1
332,Charles_I_of_England,1
333,Constitutional_monarchy,1
334,Finance,5
335,Glorious_Revolution,1
336,Henry_Purcell,1
337,Isaac_Newton,4
338,James_II_of_England,1
339,James_I_of_England,1
340,Johann_Sebastian_Bach,0
341,Johannes_Kepler,4
342,John_Locke,0
343,John_Milton,0
344,Louis_XIV_of_France,0
345,Mary_II_of_England,1
346,Mississippi_River,3
347,New_York_City,3
348,New_Zealand,5
349,Oliver_Cromwell,1
350,Persian_Empire,0
351,Peter_I_of_Russia,0
352,Philosophiae_Naturalis_Principia_Mathematica,4
353,Qing_Dynasty,5
354,South_Africa,1
355,Speed_of_light,4
356,Taiwan,5
357,Tea,2
358,Telescope,4
359,Thomas_Hobbes,0
360,William_Harvey,1
361,William_III_of_England,1
362,1896_Summer_Olympics,0
363,Athletics_%28track_and_field%29,1
364,British_Empire,1
365,Cricket,5
366,Cyprus,1
367,Eastern_Orthodox_Church,0
368,Football_%28soccer%29,1
369,Greek_War_of_Independence,0
370,London,1
371,Olympic_Games,3
372,Roman_Empire,0
373,Slovakia,1
374,Sport,3
375,Switzerland,0
376,Adam_Smith,0
377,Alexander_Hamilton,3
378,American_Revolutionary_War,3
379,Anne_of_Great_Britain,1
380,Antoine_Lavoisier,4
381,Antonio_Vivaldi,0
382,Benjamin_Franklin,3
383,Capital,5
384,Carl_Friedrich_Gauss,0
385,Carolus_Linnaeus,2
386,Catherine_II_of_Russia,0
387,David_Hume,0
388,Delhi,5
389,Edmond_Halley,4
390,Edmund_Burke,0
391,Edward_Jenner,4
392,Emanuel_Swedenborg,0
393,Frederick_II_of_Prussia,0
394,Freetown,1
395,French_Revolution,0
396,George_III_of_the_United_Kingdom,1
397,George_Washington,3
398,Industrial_Revolution,0
399,James_Cook,5
400,James_Watt,1
401,Joseph_Haydn,0
402,Leonhard_Euler,0
403,Napoleon_I_of_France,0
404,Napoleonic_Wars,1
405,Nepal,5
406,Photosynthesis,4
407,Piano,5
408,President_of_the_United_States,3
409,Prime_Minister_of_the_United_Kingdom,1
410,Saint_Petersburg,0
411,Sierra_Leone,1
412,Smallpox,3
413,South_America,3
414,Steam_engine,4
415,Steel,4
416,Sydney,5
417,Thomas_Gainsborough,0
418,Thomas_Jefferson,3
419,Vitus_Bering,2
420,War_of_the_Spanish_Succession,0
421,William_Hogarth,0
422,Wolfgang_Amadeus_Mozart,0
423,1928_Okeechobee_Hurricane,3
424,Africa,2
425,Dominica,1
426,Galveston_Hurricane_of_1900,3
427,Guadeloupe,1
428,Latin_America,3
429,Montserrat,1
430,Norfolk,1
431,Puerto_Rico,3
432,The_Bahamas,3
433,Toronto,3
434,Tropical_cyclone,3
435,United_States_Virgin_Islands,3
436,1973_oil_crisis,3
437,Arab-Israeli_conflict,0
438,BBC,1
439,Bretton_Woods_system,3
440,Chile,3
441,Coal,4
442,Cold_War,3
443,Electronics,4
444,Ethanol,4
445,Gold,4
446,Israel,1
447,Libya,1
448,Market,1
449,Middle_East,0
450,Mineral,4
451,Natural_gas,4
452,Newspaper,3
453,Nuclear_power,4
454,People%27s_Republic_of_China,5
455,Petroleum,4
456,Qatar,1
457,Richard_Nixon,3
458,Saudi_Arabia,1
459,Supply_and_demand,3
460,Syria,0
461,United_Arab_Emirates,1
462,Venezuela,3
463,Wood_fuel,4
464,Yom_Kippur_War,0
465,1980_eruption_of_Mount_St._Helens,4
466,Animal,2
467,Apple,2
468,Avalanche,4
469,Carbon_dioxide,4
470,Columbia_River,3
471,Denver%2C_Colorado,3
472,Earth%27s_atmosphere,4
473,Emotion,0
474,Energy,4
475,Flood,3
476,Forest,2
477,Gas,4
478,Glacier,2
479,Human,2
480,Ice,4
481,Jimmy_Carter,3
482,Magma,4
483,Minnesota,3
484,Moon,4
485,Mount_St._Helens,3
486,Nuclear_weapon,4
487,Ocean,4
488,Oregon,3
489,Potato,2
490,Radio,4
491,Rain,4
492,Seattle%2C_Washington,3
493,Snow,4
494,Sound,4
495,Transport,3
496,Tree,2
497,U.S._state,3
498,United_States_Congress,3
499,Volcano,4
500,Wave,4
501,Wind,4
502,Yellowstone_National_Park,2
503,1997_Pacific_hurricane_season,3
504,Caribbean_Sea,3
505,El_Ni%C3%B1o-Southern_Oscillation,3
506,El_Salvador,3
507,Guam,3
508,Johnston_Atoll,3
509,Meteorology,4
510,Nicaragua,3
511,Palmyra_Atoll,3
512,Wake_Island,3
513,Abraham_Lincoln,3
514,Aleksandr_Pushkin,0
515,Alexander_Graham_Bell,3
516,Alfred_Nobel,0
517,American_Civil_War,3
518,Andrew_Jackson,3
519,Anthropology,0
520,Anton%C3%ADn_Dvo%C5%99%C3%A1k,0
521,Bah%C3%A1%27%C3%AD_Faith,0
522,Benjamin_Disraeli%2C_1st_Earl_of_Beaconsfield,1
523,Bolivia,3
524,Brothers_Grimm,0
525,Charles_Darwin,2
526,Charles_Dickens,0
527,Colombia,3
528,Costa_Rica,3
529,Cuba,3
530,Dmitri_Mendeleev,4
531,Ecuador,3
532,Erie_Canal,3
533,Ethiopia,1
534,Evolution,2
535,Felix_Mendelssohn,0
536,First_Transcontinental_Railroad,3
537,Florence_Nightingale,1
538,Fr%C3%A9d%C3%A9ric_Chopin,0
539,Franz_Schubert,0
540,Friedrich_Nietzsche,0
541,Fyodor_Dostoevsky,0
542,Giuseppe_Verdi,0
543,Great_Lakes,3
544,Gregor_Mendel,4
545,Guatemala,3
546,Henrik_Ibsen,0
547,Henry_James,0
548,Honduras,3
549,International_Red_Cross_and_Red_Crescent_Movement,3
550,J._M._W._Turner,0
551,James_Clerk_Maxwell,4
552,Jane_Austen,0
553,Jesus,0
554,Karl_Marx,0
555,Leo_Tolstoy,0
556,Literature,0
557,London_Underground,1
558,Louis_Pasteur,4
559,Ludwig_van_Beethoven,0
560,Manifest_Destiny,3
561,Marie_Curie,4
562,Mark_Twain,3
563,Mediterranean_Sea,0
564,Michael_Faraday,4
565,Music,0
566,Natural_selection,2
567,Niccol%C3%B2_Paganini,0
568,Nikola_Tesla,4
569,Oil_refinery,4
570,Otto_von_Bismarck,0
571,Panama,3
572,Peru,3
573,Politics,0
574,Postage_stamp,3
575,Pyotr_Ilyich_Tchaikovsky,0
576,Red_Sea,0
577,Religion,0
578,Richard_Wagner,0
579,Robert_Schumann,0
580,Romania,1
581,Romanticism,0
582,S%C3%B8ren_Kierkegaard,0
583,Samuel_Taylor_Coleridge,0
584,Scramble_for_Africa,1
585,Shaka,0
586,Sitting_Bull,3
587,Slavery,0
588,Socialism,0
589,Southern_Africa,2
590,Suez_Canal,1
591,Telephone,3
592,Telephone_exchange,3
593,The_Origin_of_Species,2
594,Tibet,5
595,Ulysses_S._Grant,3
596,Uruguay,3
597,Victor_Hugo,0
598,Victoria_of_the_United_Kingdom,1
599,Vincent_van_Gogh,0
600,Walt_Whitman,0
601,William_Ewart_Gladstone,1
602,World_War_I,0
603,Zionism,0
604,Zulu,1
605,1_Ceres,4
606,3_Juno,4
607,4_Vesta,4
608,90377_Sedna,4
609,Asteroid,4
610,Cerium,4
611,Cornell_University,3
612,Definition_of_planet,4
613,Eris_%28dwarf_planet%29,4
614,Fresh_water,4
615,Gravitation,4
616,Hubble_Space_Telescope,4
617,Kuiper_belt,4
618,Mars,4
619,Milan,0
620,Palladium,4
621,Pluto,4
622,Roman_mythology,0
623,Ultraviolet,4
624,Venus,4
625,Augustus,0
626,Boudica,0
627,Claudius,0
628,Josephus,0
629,Mount_Vesuvius,4
630,Paul_of_Tarsus,0
631,Pompeii,0
632,Anno_Domini,0
633,Cleopatra_VII,0
634,Julius_Caesar,0
635,Mark_Antony,0
636,Rome,0
637,Virgil,0
638,2-6-0,3
639,4-4-0,3
640,4-6-0,3
641,2-8-0,3
642,Pennsylvania_Railroad,3
643,2003_Atlantic_hurricane_season,3
644,2004_Atlantic_hurricane_season,3
645,2005_Atlantic_hurricane_season,3
646,Banana,2
647,Bermuda,1
648,Dominican_Republic,3
649,Gulf_of_Mexico,3
650,Haiti,3
651,Tropical_Storm_Ana_%282003%29,3
652,Tropical_Storm_Henri_%282003%29,3
653,Tropical_Storm_Larry_%282003%29,3
654,Tropical_Storm_Odette_%282003%29,3
655,Canal,3
656,Cape_Verde,1
657,Cayman_Islands,1
658,Grenada,1
659,Hurricane_Alex_%282004%29,3
660,Hurricane_Camille,3
661,Hurricane_Charley,3
662,Hurricane_Georges,3
663,Hurricane_Ivan,3
664,Hurricane_Katrina,3
665,Hurricane_Mitch,3
666,Jamaica,1
667,Labor_Day_Hurricane_of_1935,3
668,Richmond%2C_Virginia,3
669,Tropical_Storm_Bonnie_%282004%29,3
670,Tropical_Storm_Matthew_%282004%29,3
671,Turks_and_Caicos_Islands,1
672,West_Virginia,3
673,2005_Sumatra_earthquake,5
674,Agriculture,2
675,Antarctica,2
676,Arctic,2
677,Bangladesh,5
678,Bay_of_Bengal,5
679,Bill_Clinton,3
680,Biodiversity,2
681,Cholera,3
682,Dune,4
683,George_H._W._Bush,3
684,George_W._Bush,3
685,Great_Barrier_Reef,2
686,Infrastructure,5
687,Kerala,5
688,Kofi_Annan,1
689,Krakatoa,5
690,Lake_Toba,5
691,Maldives,1
692,Modern_history,0
693,Natural_disaster,4
694,Radar,4
695,Royal_Navy,1
696,Salt,4
697,Seawater,4
698,South_China_Sea,5
699,Tokyo,5
700,Vegetation,2
701,Belize,1
702,Citrus,2
703,Coffee,2
704,Houston%2C_Texas,3
705,Hurricane_Andrew,3
706,Hurricane_Dennis,3
707,Hurricane_Epsilon_%282005%29,3
708,Hurricane_Floyd,3
709,Hurricane_Lenny,3
710,Hurricane_Philippe_%282005%29,3
711,Hurricane_Vince_%282005%29,3
712,International_Space_Station,4
713,Refining,4
714,Tropical_Storm_Delta_%282005%29,3
715,Tropical_Storm_Franklin_%282005%29,3
716,Tropical_Storm_Harvey_%282005%29,3
717,Tropical_Storm_Lee_%282005%29,3
718,Tropical_Storm_Zeta_%282005%29,3
719,Vegetable,2
720,2005_Hertfordshire_Oil_Storage_Terminal_fire,1
721,Library,0
722,M1_motorway,1
723,Ozone,4
724,Pollution,4
725,2005_Kashmir_earthquake,5
726,Karachi,5
727,Kashmir_region,5
728,Measles,3
729,Muhammad,0
730,Winter,2
731,2005_Lake_Tanganyika_earthquake,1
732,African_Great_Lakes,1
733,Burundi,1
734,Democratic_Republic_of_the_Congo,1
735,East_Africa,1
736,Great_Rift_Valley,1
737,Kenya,1
738,Lake_Tanganyika,1
739,Second_Congo_War,1
740,Tanzania,1
741,Zinc,4
742,Bangkok,5
743,Jakarta,5
744,John_Howard,5
745,Kuala_Lumpur,5
746,Madagascar,1
747,Mauritius,1
748,Seychelles,1
749,AIDS,1
750,Alzheimer%27s_disease,2
751,Atonality,0
752,Automobile,3
753,Birth_control,0
754,Cancer,4
755,Communism,0
756,Computer,4
757,Cubism,0
758,Existentialism,0
759,Expressionism,0
760,Fascism,0
761,Fashion,0
762,Film,3
763,Integrated_circuit,4
764,Internet,6
765,Jazz,5
766,Jet_engine,4
767,Mass_media,6
768,Moore%27s_Law,4
769,Nationalism,0
770,Nazism,0
771,Nitrogen,4
772,Physics,4
773,Quantum_mechanics,4
774,Russian_Revolution_of_1917,0
775,Scurvy,2
776,Technology,4
777,Television,6
778,Tobacco_smoking,3
779,Trench_warfare,0
780,Vietnam_War,3
781,Vitamin,2
782,War,0
783,African_Union,1
784,Archbishop_of_Canterbury,1
785,Argentina,3
786,Ariel_Sharon,0
787,Arnold_Schwarzenegger,3
788,Bill_Gates,6
789,Black_hole,4
790,Blade_Runner,6
791,C%C3%B4te_d%27Ivoire,1
792,Capitalism,0
793,Cassini-Huygens,4
794,Civilization,0
795,Comet_Halley,4
796,Condoleezza_Rice,1
797,Darfur_conflict,1
798,Democracy,0
799,Denmark,1
800,Doctor_Who,1
801,Economics,0
802,Education,0
803,Fidel_Castro,3
804,Georgia_%28country%29,1
805,Global_warming,4
806,Globalization,0
807,Google,6
808,Gordon_Brown,1
809,HIV,1
810,Harry_Potter,1
811,Homestar_Runner,6
812,Homo_floresiensis,2
813,Jaws_%28film%29,3
814,King_Kong_%282005_film%29,5
815,Kyrgyzstan,1
816,Lance_Armstrong,3
817,Latvia,1
818,Lebanon,1
819,Linus_Torvalds,6
820,Linux,6
821,Madrid,3
822,Mahmoud_Abbas,0
823,Malaria,3
824,Malta,1
825,Mars_Exploration_Rover,4
826,Mars_Reconnaissance_Orbiter,4
827,Mercury_%28planet%29,4
828,Montenegro,1
829,Neptune,4
830,New_Delhi,5
831,North_Korea,5
832,Osama_bin_Laden,1
833,Pope_Benedict_XVI,0
834,Poverty,0
835,Richard_Stallman,6
836,Rowan_Williams,1
837,Salt_Lake_City%2C_Utah,3
838,Senegal,1
839,September_11%2C_2001_attacks,3
840,Solar_eclipse,4
841,South_Korea,5
842,Space_Shuttle_Columbia_disaster,4
843,Sri_Lankan_Civil_War,5
844,Star_Trek__Deep_Space_Nine,3
845,Star_Wars,6
846,Stargate_SG-1,1
847,Stephen_Harper,3
848,Stephen_Hawking,4
849,Sudan,1
850,Terrorism,0
851,The_Lord_of_the_Rings_film_trilogy,5
852,Tony_Blair,1
853,Tour_de_France,3
854,Transit_of_Venus,4
855,Tuberculosis,3
856,Turkey,1
857,U2,5
858,Ukraine,0
859,World_Health_Organization,5
860,Cai_Lun,0
861,Hadrian%27s_Wall,1
862,Ptolemy,0
863,Citizenship,0
864,Glasses,4
865,4-2-0,3
866,Chicago_and_North_Western_Railway,3
867,Robert_Stephenson,1
868,6-2-0,3
869,47_Ursae_Majoris,4
870,47_Ursae_Majoris_b,4
871,47_Ursae_Majoris_c,4
872,Helium,4
873,Hydrogen,4
874,Iron,4
875,Planetary_habitability,4
876,Saturn,4
877,Ammonia,4
878,Cloud,4
879,Gas_giant,4
880,Aluminium,4
881,Ceres_%28dwarf_planet%29,4
882,Crust_%28geology%29,4
883,Metal,4
884,Metamorphic_rock,4
885,Nickel,4
886,Alchemy,4
887,Armenia,1
888,Augustine_of_Hippo,0
889,Christian_monasticism,0
890,First_Council_of_Nicaea,0
891,55_Cancri,4
892,55_Cancri_b,4
893,55_Cancri_c,4
894,55_Cancri_d,4
895,55_Cancri_e,4
896,Binoculars,4
897,Upsilon_Andromedae,4
898,Tide,4
899,Heat,4
900,Attila_the_Hun,0
901,Backgammon,0
902,Chess,0
903,Franks,0
904,King_Arthur,1
905,Language,0
906,Vietnam,5
907,English_poetry,0
908,Heraclius,0
909,Lake_Chad,1
910,Library_of_Alexandria,0
911,Qur%27an,0
912,Shinto,5
913,Sutton_Hoo,0
914,Taoism,5
915,Abbasid,0
916,Battle_of_Tours,0
917,Charlemagne,0
918,Du_Fu,0
919,Rhine,0
920,Arctic_Ocean,2
921,Alfred_the_Great,1
922,Bulgaria,1
923,Danube,0
924,Gunpowder,4
925,Vulgar_Latin,0
926,Western_Roman_Empire,0
927,A._E._J._Collins,1
928,Bristol,1
929,The_Ashes,1
930,ABO_blood_group_system,2
931,Ape,2
932,Blood_type,4
933,Bonobo,2
934,Chimpanzee,2
935,Gorilla,2
936,Hong_Kong,5
937,Plant,2
938,AC_DC,5
939,Bluegrass_music,5
940,Glasgow,1
941,Guitar,5
942,Hip_hop_music,5
943,Iron_Maiden,5
944,Melbourne,5
945,Perth%2C_Western_Australia,5
946,Queen_%28band%29,5
947,Superman,3
948,The_Beatles,5
949,Brain,2
950,Cameroon,1
951,DNA,4
952,Eye,2
953,Fungus,4
954,Gabon,1
955,Genetics,4
956,Meningitis,4
957,Sub-Saharan_Africa,1
958,Virus,4
959,Zimbabwe,1
960,AK-47,1
961,Albania,1
962,Burkina_Faso,1
963,Chromium,4
964,Mozambique,1
965,Russian_language,0
966,Spanish_language,3
967,Yugoslavia,0
968,ALCO_FA,3
969,Canadian_Pacific_Railway,3
970,ASCII,6
971,AT%26T,3
972,Markup_language,6
973,Microsoft_Windows,6
974,Perl,6
975,Dallas%2C_Texas,3
976,Employment,0
977,Industry,4
978,San_Francisco%2C_California,3
979,United_States_Constitution,3
980,ATLAS_experiment,4
981,Argon,4
982,Central_processing_unit,4
983,Electric_charge,4
984,Electron,4
985,Hawking_radiation,4
986,Lead,4
987,List_of_particles,4
988,Magnet,4
989,Momentum,4
990,Photon,4
991,Proton,4
992,Silicon,4
993,Statistics,0
994,String_theory,4
995,A_Christmas_Carol,0
996,Animation,6
997,Bob_Marley,5
998,Country,1
999,Greek_mythology,0
1000,Looney_Tunes,6
1001,Scrooge_McDuck,0
1002,Theatre,0
1003,A_Tale_of_a_Tub,0
1004,Church_of_England,1
1005,Medicine,0
1006,Religious_Society_of_Friends,1
1007,A_Wrinkle_in_Time,0
1008,Albert_Einstein,4
1009,Euclid,0
1010,Gautama_Buddha,5
1011,German_language,0
1012,Latin,0
1013,Mahatma_Gandhi,5
1014,Portuguese_language,3
1015,A_cappella,0
1016,Amish,0
1017,Gregorian_chant,0
1018,Hindi,5
1019,Judaism,0
1020,Musical_instrument,5
1021,Rapping,5
1022,Renaissance_music,0
1023,Aachen,0
1024,Button,0
1025,Chinese_language,5
1026,Dutch_language,0
1027,Flanders,0
1028,French_language,1
1029,List_of_countries,1
1030,Middle_Ages,0
1031,Tobacco,2
1032,Aardvark,2
1033,Afrikaans,1
1034,Ant,2
1035,Anteater,2
1036,Bandicoot,2
1037,Binomial_nomenclature,2
1038,Chordate,2
1039,Fruit,2
1040,Mammal,2
1041,Miocene,2
1042,Pig,2
1043,Pliocene,2
1044,Scientific_classification,2
1045,Aarhus,1
1046,Archaeology,0
1047,Badminton,5
1048,Copenhagen,1
1049,Engineering,4
1050,Humanities,0
1051,Abac%C3%A1,2
1052,Arithmetic,0
1053,Hebrew_language,0
1054,Mesopotamia,0
1055,Abadan,4
1056,Chemistry,4
1057,Tehran,0
1058,Abbadid,0
1059,Poetry,0
1060,Abbas_I_of_Persia,0
1061,Caspian_Sea,0
1062,Euphrates,0
1063,Indus_River,5
1064,Mosque,0
1065,Tigris,0
1066,Aristotle,0
1067,Damascus,0
1068,Maghreb,0
1069,Mecca,0
1070,Sultan,1
1071,Abbey,0
1072,Abbot,0
1073,Cattle,2
1074,Dorset,1
1075,Nile,1
1076,Westminster_Abbey,1
1077,Z%C3%BCrich,0
1078,Abbey_Theatre,1
1079,Edward_VII_of_the_United_Kingdom,1
1080,Irish_theatre,1
1081,John_Millington_Synge,0
1082,Manchester,1
1083,Samuel_Beckett,0
1084,William_Butler_Yeats,0
1085,Anglican_Communion,1
1086,Genoa,0
1087,Leicester,1
1088,Rule_of_St_Benedict,0
1089,Abel_Tasman,5
1090,Fiji,1
1091,Manila,5
1092,Tonga,1
1093,Aberdeen,1
1094,Belarus,1
1095,City_status_in_the_United_Kingdom,1
1096,Commonwealth_Games,1
1097,Dundee,1
1098,Edinburgh,1
1099,European_Parliament,1
1100,Garden,4
1101,Granite,4
1102,Hinduism,5
1103,Liberal_Democrats,1
1104,List_of_sovereign_states,1
1105,North_Sea,1
1106,North_Sea_oil,1
1107,Park,3
1108,Parliament_of_the_United_Kingdom,1
1109,Scots_language,1
1110,Scottish_Episcopal_Church,1
1111,Scottish_Gaelic_language,1
1112,Shetland,1
1113,Aberration_of_light,4
1114,Galaxy,4
1115,John_Flamsteed,4
1116,Tycho_Brahe,4
1117,Aberystwyth,1
1118,Birmingham,1
1119,Cardiff,1
1120,Edward_I_of_England,1
1121,River,5
1122,Abhidhamma_Pitaka,5
1123,Pali_Canon,5
1124,Sanskrit,5
1125,University_of_Bristol,1
1126,Abidjan,1
1127,Accra,1
1128,Bridge,1
1129,Dakar,1
1130,Liberia,1
1131,Mali,1
1132,Ouagadougou,1
1133,Rainforest,2
1134,Train,3
1135,University,0
1136,Yamoussoukro,1
1137,Abkhazia,0
1138,Budapest,0
1139,Encyclop%C3%A6dia_Britannica,6
1140,Government,0
1141,International_law,0
1142,Istanbul,0
1143,NATO,1
1144,Wine,2
1145,Able_Archer_83,1
1146,Elizabeth_II_of_the_United_Kingdom,1
1147,Greenland,2
1148,Invasion_of_Grenada,1
1149,Margaret_Thatcher,1
1150,Mikhail_Gorbachev,1
1151,Ronald_Reagan,3
1152,Abraham_Goldfaden,0
1153,Asthma,2
1154,Bucharest,0
1155,George_Eliot,0
1156,Moscow,0
1157,Warsaw,0
1158,Aircraft_carrier,5
1159,Andrew_Johnson,3
1160,Battle_of_Gettysburg,3
1161,Charles_Sumner,3
1162,Chicago,3
1163,Frederick_Douglass,3
1164,Gettysburg_Address,3
1165,James_Buchanan,3
1166,James_K._Polk,3
1167,Lyndon_B._Johnson,3
1168,Supreme_Court_of_the_United_States,3
1169,Tijuana,3
1170,United_States_House_of_Representatives,3
1171,William_Tecumseh_Sherman,3
1172,Zachary_Taylor,3
1173,Angelica,2
1174,Antimony,4
1175,Common_sage,2
1176,Copper,4
1177,Coriander,2
1178,Czech_Republic,1
1179,Distilled_beverage,2
1180,Ernest_Hemingway,3
1181,Essential_oil,2
1182,Fennel,2
1183,Lemon_balm,2
1184,Nutmeg,2
1185,Pablo_Picasso,0
1186,Prague,0
1187,Star_anise,2
1188,Sugar,2
1189,Vanuatu,1
1190,Absolute_zero,4
1191,Carbon,4
1192,Crystal,4
1193,Diamond,4
1194,Empiricism,0
1195,Entropy,4
1196,Max_Planck,4
1197,Robert_Boyle,4
1198,Symmetry,4
1199,Thermodynamic_temperature,4
1200,Thermodynamics,4
1201,William_Thomson%2C_1st_Baron_Kelvin,4
1202,Abstract_art,0
1203,Calligraphy,0
1204,Constructivism_%28art%29,0
1205,Fine_art,0
1206,Abu_Dhabi,5
1207,Arecaceae,2
1208,Camel,2
1209,Dubai,5
1210,Emirate,1
1211,Gazelle,2
1212,Oman,1
1213,Pearl,5
1214,Abuja,1
1215,Bras%C3%ADlia,3
1216,Lagos,1
1217,Acceleration,4
1218,Light,4
1219,Sea,4
1220,Special_relativity,4
1221,Accountancy,0
1222,Ancient_Greece,0
1223,Beach,1
1224,Clothing,0
1225,Acetic_acid,4
1226,Acetone,4
1227,Actinium,4
1228,BP,4
1229,Box_jellyfish,2
1230,Chemical_element,4
1231,Cider,1
1232,Cobalt,4
1233,Corrosion,4
1234,Food,2
1235,Formic_acid,4
1236,Iodine,4
1237,Iridium,4
1238,Iron%28III%29_chloride,4
1239,Magnesium,4
1240,Manganese,4
1241,Oxygen,4
1242,Phase_%28matter%29,4
1243,Pigment,4
1244,Rhodium,4
1245,Ruthenium,4
1246,Soil,4
1247,Sulfur,4
1248,Sulfuric_acid,4
1249,Toluene,4
1250,Yeast,4
1251,Bromine,4
1252,Chlorine,4
1253,Achilles,0
1254,Agamemnon,0
1255,Alexander_the_Great,0
1256,Apollo,0
1257,Athena,0
1258,Bob_Dylan,5
1259,Heracles,0
1260,Homer,0
1261,Odysseus,0
1262,Odyssey,0
1263,Trojan_War,0
1264,Achilles_tendon,0
1265,Acid_rain,4
1266,Biology,4
1267,Fossil_fuel,4
1268,Gypsum,4
1269,Hydrogen_peroxide,4
1270,Invasive_species,2
1271,Kyoto_Protocol,3
1272,Ozone_depletion,4
1273,Smog,5
1274,Acorn_Computers,1
1275,Cambridge,1
1276,Commodore_64,6
1277,Floppy_disk,6
1278,Nottingham,1
1279,Pound_sterling,1
1280,The_Fens,1
1281,Unix,6
1282,Video,6
1283,World_Wide_Web,6
1284,ZX_Spectrum,6
1285,Bismuth,4
1286,Color,4
1287,Francium,4
1288,Lanthanum,4
1289,List_of_elements_by_name,4
1290,Magnetism,4
1291,Periodic_table,4
1292,Plutonium,4
1293,Radium,4
1294,Radon,4
1295,Thorium,4
1296,Uranium,4
1297,Action_potential,2
1298,Calcium,4
1299,Capacitance,4
1300,Cell_%28biology%29,4
1301,Chemical_synapse,2
1302,Electrical_resistance,4
1303,Giraffe,2
1304,Multiple_sclerosis,3
1305,Potassium,4
1306,Sodium,4
1307,Volt,4
1308,Whale,2
1309,Actor,3
1310,Drama,0
1311,H%C3%A4nsel_und_Gretel,3
1312,The_Marriage_of_Figaro,0
1313,The_Simpsons,3
1314,Acts_of_Union_1707,1
1315,House_of_Lords,1
1316,Laws_in_Wales_Acts_1535%E2%80%931542,1
1317,Actuary,0
1318,Ancient_Rome,0
1319,Business,0
1320,Climate_change,4
1321,Law,0
1322,Mathematics,0
1323,Probability_theory,0
1324,The_Wall_Street_Journal,3
1325,Ethics,0
1326,John_Maynard_Keynes,0
1327,Liberal_democracy,0
1328,Liberalism,0
1329,Libertarianism,0
1330,Logic,0
1331,Mercantilism,0
1332,Political_economy,0
1333,Political_philosophy,0
1334,Thomas_Malthus,0
1335,Utilitarianism,0
1336,Addis_Ababa,1
1337,Djibouti,1
1338,Adelaide,5
1339,Airbus_A380,5
1340,Australian_English,5
1341,Australian_rules_football,5
1342,Drought,4
1343,Irish_people,3
1344,Manufacturing,4
1345,Mount_Osmond%2C_South_Australia,5
1346,Murray_River,5
1347,Southern_Ocean,2
1348,William_IV_of_the_United_Kingdom,1
1349,Adenosine_triphosphate,4
1350,DNA_repair,4
1351,Eukaryote,4
1352,Mitochondrion,4
1353,Adi_Shankara,5
1354,Brahman,5
1355,Chola_dynasty,0
1356,Himalayas,5
1357,Varanasi,5
1358,Adolf_Hitler,0
1359,Alcohol,4
1360,Anschluss,0
1361,Architecture,0
1362,Attack_on_Pearl_Harbor,3
1363,Battle_of_Britain,1
1364,Battle_of_France,1
1365,Battle_of_Moscow,0
1366,Battle_of_Stalingrad,0
1367,Benito_Mussolini,0
1368,Charlie_Chaplin,3
1369,Coventry,1
1370,Dam,4
1371,Erwin_Rommel,0
1372,Genealogy,0
1373,Joseph_Stalin,0
1374,Luftwaffe,1
1375,Marxism,0
1376,Nazi_Germany,0
1377,Propaganda,0
1378,Royal_Air_Force,1
1379,Swastika,0
1380,Trade_union,0
1381,Treaty_of_Versailles,0
1382,Vienna,0
1383,Weimar_Republic,0
1384,Winston_Churchill,1
1385,Adriaen_van_der_Donck,3
1386,The_Hague,1
1387,Advertising,6
1388,Ancient_history,0
1389,Broadcasting,6
1390,IPod,6
1391,Philadelphia,3
1392,Aesthetics,0
1393,Ancient_Egypt,0
1394,Andy_Warhol,0
1395,Confucius,5
1396,Dada,0
1397,Drinking_water,4
1398,Earl_of_Shaftesbury,1
1399,Geometry,0
1400,Guqin,5
1401,Humour,0
1402,Igor_Stravinsky,0
1403,Indus_Valley_Civilization,0
1404,Ludwig_Wittgenstein,0
1405,Parthenon,0
1406,Visual_arts,0
1407,Afghan_Hound,2
1408,Dog,2
1409,Fox,2
1410,Azerbaijan,1
1411,Domestic_goat,2
1412,Frankfurt,0
1413,Idolatry,0
1414,Islamic_republic,0
1415,Morphine,4
1416,Pashtun_people,5
1417,Persian_literature,0
1418,Sassanid_Empire,0
1419,Tajikistan,1
1420,Turkmenistan,1
1421,Uzbekistan,1
1422,World_Bank_Group,5
1423,World_Heritage_Site,5
1424,Algiers,0
1425,Antananarivo,2
1426,Atlantic_slave_trade,1
1427,Bamako,1
1428,Banjul,1
1429,Benin,1
1430,Bissau,1
1431,Botswana,1
1432,Cairo,0
1433,Carnivore,2
1434,Central_African_Republic,1
1435,Chad,1
1436,Cheetah,2
1437,Cocoa,2
1438,Comoros,1
1439,Conakry,1
1440,Congo_River,1
1441,Continent,2
1442,Cotton,1
1443,Crocodile,2
1444,Culture,0
1445,David_Livingstone,1
1446,Deity,0
1447,Desert,2
1448,Despotism,0
1449,El_Aai%C3%BAn,1
1450,Elephant,2
1451,Equatorial_Guinea,1
1452,Eritrea,1
1453,Flute,5
1454,Fossil,2
1455,Funchal,2
1456,Gaborone,2
1457,Great_Pyramid_of_Giza,0
1458,Guinea,1
1459,Guinea-Bissau,1
1460,Harare,2
1461,Henry_Morton_Stanley,1
1462,Herbivore,2
1463,Horn_of_Africa,1
1464,Hutu,1
1465,Hyena,2
1466,Irrigation,5
1467,Ishango_bone,1
1468,Khartoum,1
1469,Kigali,1
1470,Lake_Victoria,1
1471,Las_Palmas_de_Gran_Canaria,3
1472,Lesotho,1
1473,Libreville,1
1474,Lilongwe,1
1475,Lom%C3%A9,1
1476,Lusaka,1
1477,Malawi,1
1478,Maputo,1
1479,Maseru,1
1480,Mayotte,1
1481,Mbabane,5
1482,Military_dictatorship,3
1483,Mitochondrial_Eve,2
1484,Monrovia,1
1485,Nairobi,1
1486,Namibia,1
1487,Nouakchott,1
1488,Palm_oil,2
1489,Port_Louis,5
1490,Porto-Novo,1
1491,Praia,1
1492,Pretoria,1
1493,R%C3%A9union,1
1494,Rabat,0
1495,Reggae,5
1496,Republic_of_the_Congo,1
1497,Richard_Francis_Burton,1
1498,S%C3%A3o_Tom%C3%A9,1
1499,S%C3%A3o_Tom%C3%A9_and_Pr%C3%ADncipe,1
1500,Saint_Helena,1
1501,Sorghum,2
1502,Soukous,1
1503,Swaziland,1
1504,Temperate,2
1505,The_Gambia,1
1506,Timbuktu,2
1507,Togo,1
1508,Tripoli,0
1509,Trumpet,0
1510,Tunis,0
1511,Tunisia,1
1512,Tutsi,1
1513,United_States_Senate,3
1514,Victoria%2C_Seychelles,1
1515,Western_Sahara,1
1516,Zambia,1
1517,African_American_literature,3
1518,Martin_Luther_King%2C_Jr.,3
1519,Southern_United_States,3
1520,African_Black_Oystercatcher,2
1521,Bird,2
1522,Bird_migration,2
1523,Feather,2
1524,Plover,2
1525,Wader,2
1526,African_Brush-tailed_Porcupine,2
1527,Cave,2
1528,African_Buffalo,2
1529,Hippopotamus,2
1530,Vertebrate,2
1531,Water_Buffalo,5
1532,African_Darter,2
1533,Cormorant,2
1534,Heron,2
1535,Sahara,2
1536,Lake_Albert,1
1537,Lake_Edward,1
1538,Lake_Kivu,1
1539,Lake_Malawi,1
1540,Zambezi,2
1541,African_Grey_Hornbill,2
1542,African_Grey_Parrot,2
1543,Cooperative,0
1544,Crow,2
1545,Parrot,2
1546,Raven,2
1547,African_Jacana,2
1548,Coot,2
1549,Insect,2
1550,African_Penguin,2
1551,Fish,2
1552,Magellanic_Penguin,2
1553,Chadian-Sudanese_conflict,1
1554,Economy_of_Africa,1
1555,Human_rights,0
1556,Lord%27s_Resistance_Army,1
1557,African_Wild_Dog,2
1558,African_clawed_frog,2
1559,Frog,2
1560,African_dwarf_frog,2
1561,African_slave_trade,1
1562,Mining,4
1563,Peace,0
1564,Auckland,5
1565,History_of_South_Africa,1
1566,Hollandic,0
1567,Linguistics,0
1568,Suriname,3
1569,West_Flemish,0
1570,Helen,0
1571,Sean_Connery,1
1572,Age_of_Enlightenment,0
1573,Algebra,0
1574,Baroque,0
1575,Edward_Gibbon,0
1576,Johann_Wolfgang_Goethe,0
1577,Property,0
1578,United_States_Declaration_of_Independence,3
1579,Aggregator,6
1580,Ajax_%28programming%29,6
1581,ITunes,6
1582,Podcasting,6
1583,RSS_%28file_format%29,6
1584,Agnosticism,0
1585,Atheism,0
1586,Bertrand_Russell,0
1587,God,0
1588,Andes,3
1589,Arable_land,1
1590,Barley,2
1591,Beekeeping,2
1592,Biodiesel,2
1593,Botany,2
1594,Egg_%28food%29,2
1595,Fertile_Crescent,0
1596,Fertilizer,4
1597,Flower,2
1598,History_of_the_world,0
1599,Honey,2
1600,Horse,2
1601,Meat,2
1602,Milk,2
1603,Pea,2
1604,Phosphorus,4
1605,Soil_salination,4
1606,Soybean,2
1607,Sumer,0
1608,Weed,2
1609,Airbus,1
1610,Aircraft,4
1611,BAE_Systems,1
1612,British_English,5
1613,Concorde,1
1614,Boeing_747,1
1615,Brisbane,5
1616,Fiberglass,4
1617,Montreal,3
1618,Titanium,4
1619,Welding,4
1620,Airship,1
1621,Boat,1
1622,Hot_air_balloon,1
1623,Hovercraft,1
1624,Battle_of_Midway,5
1625,F-35_Lightning_II,1
1626,Imperial_Japanese_Navy,5
1627,Shanghai,5
1628,Alberto_Santos-Dumont,3
1629,English_Channel,1
1630,Gibraltar,1
1631,Shark,2
1632,Internet_Explorer,6
1633,Microsoft,6
1634,Malwa_%28Madhya_Pradesh%29,5
1635,Akhenaten,0
1636,Sigmund_Freud,0
1637,Akira_Kurosawa,0
1638,Crime,0
1639,Macbeth,1
1640,Ran_%28film%29,6
1641,Star_Wars_Episode_IV__A_New_Hope,6
1642,Akkadian_Empire,0
1643,Assyria,0
1644,Astronomy,4
1645,Babylonia,0
1646,Hammurabi,0
1647,Akrotiri_and_Dhekelia,1
1648,ECHELON,3
1649,Turkish_Republic_of_Northern_Cyprus,1
1650,Aksumite_currency,0
1651,GDRT,1
1652,Al_Jazeera,1
1653,Bahrain,1
1654,Buenos_Aires,3
1655,Doha,1
1656,Federal_Bureau_of_Investigation,3
1657,Alamosaurus,2
1658,Cretaceous,2
1659,Dinosaur,2
1660,Parasaurolophus,2
1661,Reptile,2
1662,Saltasaurus,2
1663,Saurischia,2
1664,Sauropodomorpha,2
1665,Alan_Turing,1
1666,Algorithm,0
1667,Boston%2C_Massachusetts,3
1668,Computer_science,0
1669,Enigma_machine,0
1670,Princeton_University,3
1671,Rainbow,4
1672,Southampton,1
1673,Trinity_College%2C_Cambridge,1
1674,University_of_Texas_at_Austin,3
1675,Andorra,1
1676,Bosnia_and_Herzegovina,1
1677,Bronze_Age,0
1678,Brunei,1
1679,Estonia,1
1680,Guyana,1
1681,Herodotus,0
1682,Jordan,1
1683,Kazakhstan,1
1684,Kosovo,1
1685,Liechtenstein,1
1686,Macedon,0
1687,Moldova,1
1688,Principality,1
1689,Republic_of_Macedonia,1
1690,Slovenia,1
1691,Stone_Age,1
1692,Thucydides,0
1693,Yemen,1
1694,Albatross,2
1695,Bird_of_prey,2
1696,Crustacean,2
1697,Easter_Island,2
1698,Eocene,2
1699,Extinction,2
1700,Falkland_Islands,1
1701,Gull,2
1702,Krill,2
1703,Midway_Atoll,3
1704,Monty_Python,1
1705,Oligocene,2
1706,Popular_culture,6
1707,Serenity_%28film%29,5
1708,The_Rime_of_the_Ancient_Mariner,5
1709,Weather,4
1710,Anarchism,0
1711,Asperger_syndrome,0
1712,Atom,4
1713,Attention-deficit_hyperactivity_disorder,2
1714,Edward_Teller,4
1715,Einsteinium,4
1716,Electrical_engineering,4
1717,Euclidean_geometry,0
1718,Franklin_D._Roosevelt,3
1719,Geography,0
1720,Intelligence,0
1721,Linus_Pauling,4
1722,Luminiferous_aether,4
1723,Matter,4
1724,Microscope,4
1725,Nature,4
1726,Niels_Bohr,4
1727,Nuclear_fission,4
1728,Paul_Dirac,4
1729,Richard_Feynman,4
1730,Schizophrenia,0
1731,Stuttgart,0
1732,Electricity,4
1733,French_Open_%28tennis%29,5
1734,Rio_de_Janeiro,3
1735,S%C3%A3o_Paulo,3
1736,Theodore_Roosevelt,3
1737,Wright_brothers,3
1738,Albertosaurus,2
1739,Allosaurus,2
1740,Deinonychus,2
1741,Fossil_record,2
1742,Theropoda,2
1743,Tyrannosaurus,2
1744,Albigensian_Crusade,0
1745,Children%27s_Crusade,0
1746,German_Crusade%2C_1096,0
1747,Lyon,0
1748,Albinism,2
1749,Chromatophore,2
1750,Color_blindness,2
1751,Papua_New_Guinea,5
1752,Retina,2
1753,Albrecht_D%C3%BCrer,0
1754,Anatomy,2
1755,Antwerp,0
1756,Drawing,0
1757,Printmaking,0
1758,Rembrandt,0
1759,Albrecht_Rodenbach,0
1760,Flemish_%28linguistics%29,0
1761,Astrology,4
1762,Ben_Jonson,1
1763,Canterbury,1
1764,Carl_Jung,0
1765,Cryptography,0
1766,Ernest_Rutherford,4
1767,Frankenstein,0
1768,Glass,4
1769,Guild,0
1770,History_of_science,0
1771,Hydrochloric_acid,4
1772,J._K._Rowling,1
1773,John_Dee,0
1774,Mercury_%28element%29,4
1775,Metallurgy,4
1776,Mysticism,0
1777,Mythology,0
1778,Nintendo,6
1779,Oxford,1
1780,Potassium_nitrate,4
1781,Psychology,0
1782,Pythagoras,0
1783,Silver,4
1784,Star_Trek,4
1785,Alcibiades,0
1786,Demosthenes,0
1787,Pericles,0
1788,Socrates,0
1789,Thrasybulus,0
1790,Algol,4
1791,Benzene,4
1792,Lithium_aluminium_hydride,4
1793,Phosphorus_tribromide,4
1794,Sodium_hydroxide,4
1795,Vanilla,2
1796,Zinc_chloride,4
1797,Nikolai_Rimsky-Korsakov,0
1798,Aleksandr_Vasilevsky,0
1799,Polish-Soviet_War,0
1800,Virtuti_Militari,0
1801,Aleksey_Arakcheyev,0
1802,Nightingale,2
1803,Bath%2C_Somerset,1
1804,James_Garfield,3
1805,Selenium,4
1806,James_Monroe,3
1807,John_Adams,3
1808,Ganges_River,5
1809,Pyramid,0
1810,Siege,0
1811,Alfred_Hitchcock,3
1812,Citizen_Kane,1
1813,Henry_Fonda,3
1814,James_Stewart_%28actor%29,3
1815,Los_Angeles%2C_California,3
1816,Salvador_Dal%C3%AD,0
1817,Silent_film,3
1818,Walt_Disney,3
1819,Esperanto,0
1820,Nobel_Peace_Prize,1
1821,Nobelium,4
1822,Stroke,3
1823,Consolation_of_Philosophy,0
1824,Hampshire,1
1825,Old_English_language,0
1826,Watling_Street,1
1827,Wessex,1
1828,Differential_equation,4
1829,Elementary_algebra,0
1830,Group_%28mathematics%29,0
1831,Linear_algebra,0
1832,Mathematical_analysis,0
1833,Matrix_%28mathematics%29,0
1834,Muhammad_ibn_Musa_al-Khwarizmi,0
1835,Number,0
1836,Quantity,0
1837,Set,0
1838,Topology,0
1839,Algerian_Civil_War,1
1840,Berber_languages,1
1841,Climate,1
1842,Oat,2
1843,Barcelona,0
1844,Geneva,0
1845,Sirius,4
1846,Algoma_Central_Railway,3
1847,Hudson_Bay,3
1848,Lake_Superior,3
1849,Charles_Babbage,4
1850,Clock,4
1851,Functional_programming,6
1852,Imperative_programming,6
1853,Programming_language,6
1854,Alice%27s_Adventures_in_Wonderland,1
1855,Game,0
1856,Llandudno,1
1857,Richard_III_%28play%29,1
1858,River_Thames,1
1859,All_Blacks,5
1860,Babe_Ruth,3
1861,Donald_Bradman,5
1862,History_of_South_Africa_in_the_apartheid_era,1
1863,Jonah_Lomu,5
1864,Rugby_World_Cup,1
1865,Super_14,5
1866,Tiger_Woods,3
1867,Wellington,5
1868,All_You_Need_Is_Love_%28The_JAMs_song%29,5
1869,The_Illuminatus%21_Trilogy,3
1870,Whitney_Joins_The_JAMs,5
1871,All_your_base_are_belong_to_us,5
1872,Allah,0
1873,Isaac,0
1874,Trinity,0
1875,Allegory_in_the_Middle_Ages,0
1876,Medieval_literature,0
1877,Alligator,2
1878,Family,0
1879,Pond,2
1880,Spring_%28season%29,3
1881,Yangtze_River,5
1882,Alliterative_verse,0
1883,Ezra_Pound,0
1884,Hebrides,1
1885,J._R._R._Tolkien,0
1886,Apatosaurus,2
1887,Calvin_and_Hobbes,2
1888,Camarasaurus,2
1889,Diplodocus,2
1890,Jurassic,2
1891,Stegosaurus,2
1892,Almaty,1
1893,Almond,2
1894,British_Isles,1
1895,Diabetes_mellitus,4
1896,Fatty_acid,2
1897,Olive_oil,2
1898,Plum,2
1899,Seed,2
1900,Alpaca,2
1901,Ostrich,2
1902,Alphabet,0
1903,Latin_alphabet,0
1904,Alternating_current,4
1905,Electromagnetic_radiation,4
1906,Information,0
1907,Radio_frequency,4
1908,Thomas_Edison,3
1909,Alternation_of_generations,2
1910,Fern,2
1911,Moss,2
1912,Alternative_rock,5
1913,Arctic_Monkeys,5
1914,Folk_music,5
1915,Kurt_Cobain,5
1916,Nirvana_%28band%29,5
1917,Oasis_%28band%29,5
1918,The_Smiths,5
1919,Aluminium_chloride,4
1920,Beryllium,4
1921,Bicycle,3
1922,Boron,4
1923,Compact_Disc,6
1924,Corundum,4
1925,Gallium,4
1926,Humphry_Davy,4
1927,Mohs_scale_of_mineral_hardness,4
1928,Molybdenum,4
1929,Neon,4
1930,Neutron,4
1931,Piccadilly_Circus,1
1932,Platinum,4
1933,Quartz,4
1934,Recycling,4
1935,Screw,4
1936,Strontium,4
1937,Tantalum,4
1938,Water_purification,4
1939,Copper%28I%29_chloride,4
1940,Dysprosium,4
1941,Ytterbium,4
1942,B_vitamins,2
1943,Pneumonia,3
1944,Vitamin_C,2
1945,Amaranth_oil,2
1946,Lipid,4
1947,Amarillo%2C_Texas,3
1948,Auto_racing,3
1949,Bison,2
1950,Grover_Cleveland,3
1951,Las_Vegas%2C_Nevada,3
1952,Medal_of_Honor,3
1953,Space_Shuttle_Columbia,4
1954,Summer,3
1955,Tornado,3
1956,U.S._Route_66,3
1957,Amazon_Basin,3
1958,City,0
1959,Fishing,2
1960,Amazon_Rainforest,3
1961,French_Guiana,1
1962,Anaconda,3
1963,Quito,3
1964,Amazon_parrot,2
1965,Amber,4
1966,Brighton,1
1967,Great_Yarmouth,1
1968,Marseille,0
1969,Amda_Seyon_I,0
1970,Coin,5
1971,Atlanta%2C_Georgia,3
1972,Fourteenth_Amendment_to_the_United_States_Constitution,3
1973,Ku_Klux_Klan,3
1974,Liverpool,1
1975,Nashville%2C_Tennessee,3
1976,Rhode_Island,3
1977,Winfield_Scott_Hancock,3
1978,American_English,3
1979,American_football,3
1980,Automated_teller_machine,3
1981,Autumn,5
1982,Baseball,3
1983,Canadian_English,3
1984,Necktie,1
1985,British_House_of_Commons,1
1986,France_in_the_American_Revolutionary_War,3
1987,American_Samoa,3
1988,Cook_Islands,1
1989,Samoa,1
1990,Tokelau,5
1991,Wallis_and_Futuna,1
1992,Canadian_football,3
1993,Football,1
1994,Rugby_football,1
1995,American_popular_music,5
1996,Bruce_Springsteen,5
1997,Classic_female_blues,5
1998,Double_bass,5
1999,Elvis_Presley,5
2000,Henry_Rollins,3
2001,Louis_Jordan,5
2002,Marvin_Gaye,3
2003,Minstrel_show,5
2004,Music_of_Hawaii,5
2005,Music_of_Spain,0
2006,Music_of_the_United_States,5
2007,Phonograph_cylinder,3
2008,Porgy_and_Bess,5
2009,Ragtime,5
2010,Rhythm_and_blues,5
2011,Salsa_music,3
2012,Ukulele,5
2013,Van_Halen,5
2014,Americium,4
2015,Curium,4
2016,Europium,4
2017,Neptunium,4
2018,University_of_Chicago,3
2019,Celery,2
2020,Ethnic_group,0
2021,Ammolite,4
2022,Ammonite,2
2023,Barium,4
2024,Calcite,4
2025,Clay,4
2026,Feldspar,4
2027,Jewellery,0
2028,Mosaic,0
2029,Prospecting,4
2030,Protein,4
2031,Pyrite,4
2032,Rocky_Mountains,3
2033,Stained_glass,1
2034,Vanadium,4
2035,Germanium,4
2036,Milky_Way,4
2037,Nitrogen_fixation,4
2038,Tellurium,4
2039,Cretaceous-Tertiary_extinction_event,2
2040,Devonian,2
2041,Gender,0
2042,Meteor,4
2043,Silurian,2
2044,Ammosaurus,2
2045,Massospondylus,2
2046,Anne_Frank,0
2047,Basketball,3
2048,Ice_hockey,3
2049,Rotterdam,1
2050,Amtrak,3
2051,Autorack,3
2052,Baltimore%2C_Maryland,3
2053,Columbus%2C_Ohio,3
2054,Detroit%2C_Michigan,3
2055,EMD_F7,3
2056,Louisville%2C_Kentucky,3
2057,Miami%2C_Florida,3
2058,Newark%2C_New_Jersey,3
2059,PRR_GG1,3
2060,Railway_post_office,3
2061,San_Diegan,3
2062,San_Jose%2C_California,3
2063,Super_Chief,3
2064,Union_Station_%28San_Diego%29,3
2065,Vancouver,3
2066,Amur,5
2067,Mongolia,5
2068,Boa,2
2069,Chicken,2
2070,Paraguay,3
2071,Tamil_language,5
2072,Turtle,2
2073,Analytical_Marxism,0
2074,Game_theory,0
2075,Karl_Popper,0
2076,Anarcho-capitalism,0
2077,GNU,6
2078,Graphic_novel,0
2079,Henry_David_Thoreau,3
2080,Jack_Kerouac,3
2081,Laozi,0
2082,Noam_Chomsky,0
2083,Stoicism,0
2084,World_Trade_Organization,1
2085,Corporation,0
2086,Cyberpunk,6
2087,Race,0
2088,Anemia,2
2089,Board_game,0
2090,Egyptian_pyramids,0
2091,Iron_Age,1
2092,Mummy,0
2093,Rosetta_Stone,0
2094,Society,0
2095,Turquoise,4
2096,Vowel,0
2097,Writing,0
2098,Battle_of_Marathon,0
2099,Bread,2
2100,Cheese,2
2101,Corinthian_War,0
2102,Epaminondas,0
2103,Hellenistic_Greece,0
2104,Hippocrates,0
2105,History_of_Greece,0
2106,Minoan_civilization,0
2107,Neoclassicism,0
2108,Onion,2
2109,Roman_Greece,0
2110,Elagabalus,0
2111,House,0
2112,Invasion,0
2113,Isis,0
2114,Jupiter_%28mythology%29,0
2115,Oligarchy,0
2116,Pupil,2
2117,Roman_law,0
2118,Roman_road,0
2119,Roman_villa,0
2120,Romulus_Augustus,0
2121,Wrestling,5
2122,Confucianism,5
2123,Cyrus_the_Great,0
2124,Dance,0
2125,Fire,4
2126,Lothal,0
2127,Mahabharata,5
2128,Qin_Shi_Huang,5
2129,Ramayana,5
2130,Sculpture,0
2131,Tamil_people,5
2132,Yellow_River,5
2133,Aruba,1
2134,Cotopaxi,3
2135,Craton,4
2136,Galeras,3
2137,Machu_Picchu,3
2138,Folklore,0
2139,Andr%C3%A9s_Nocioni,3
2140,Andrew_Carnegie,3
2141,Andrew_Dickson_White,0
2142,Andrew_Gonzalez,5
2143,Ateneo_de_Manila_University,0
2144,John_Marshall,3
2145,Martin_Van_Buren,3
2146,Andrew_Robinson,3
2147,John_F._Kennedy,3
2148,The_X-Files,3
2149,Andriyivskyy_Descent,0
2150,Kiev,0
2151,Andromeda_Galaxy,4
2152,European_Space_Agency,4
2153,Extraterrestrial_life,4
2154,Globular_cluster,4
2155,H_II_region,4
2156,Redshift,4
2157,Universe,4
2158,Mao_Zedong,5
2159,Money,0
2160,Myocardial_infarction,3
2161,The_Rolling_Stones,5
2162,Apricot,2
2163,Folic_acid,2
2164,Parsley,2
2165,Pernicious_anemia,2
2166,Sickle-cell_disease,3
2167,Thalassemia,5
2168,Angel_shark,2
2169,Angkor,5
2170,Gyeongju,5
2171,Michelangelo,0
2172,Rama,5
2173,Anglican_Church_of_Australia,5
2174,Apostolic_Succession,1
2175,Book_of_Common_Prayer,1
2176,British_monarchy,1
2177,Church_of_Ireland,1
2178,English_Reformation,1
2179,Episcopal_polity,1
2180,Michael_Ramsey,1
2181,Ordination_of_women,5
2182,Thomas_Cranmer,1
2183,Desmond_Tutu,1
2184,Roman_Britain,1
2185,Solomon_Islands,1
2186,William_Wilberforce,1
2187,Anglo-Saxon_literature,0
2188,C%C3%A6dmon,0
2189,History_of_Anglo-Saxon_England,1
2190,Jorge_Luis_Borges,0
2191,Literacy,0
2192,Peterborough_Chronicle,1
2193,T._S._Eliot,0
2194,The_Hobbit,0
2195,The_Lord_of_the_Rings,0
2196,Anguilla,1
2197,Australian_Green_Tree_Frog,2
2198,Cambrian,2
2199,Cambrian_explosion,2
2200,Organism,4
2201,Precambrian,4
2202,Spider,2
2203,Sunlight,4
2204,Animal_law,0
2205,Animal_rights,0
2206,Children%27s_rights_movement,3
2207,Civil_rights,3
2208,Mind,0
2209,Women%27s_rights,0
2210,Motion_%28physics%29,4
2211,The_Lion_King,2
2212,Ankylosaurus,2
2213,Armadillo,2
2214,Ornithischia,2
2215,Triceratops,2
2216,Ann_Arbor%2C_Michigan,3
2217,Biotechnology,3
2218,Frank_Lloyd_Wright,3
2219,Anna_Karenina,0
2220,James_Joyce,0
2221,Tashkent,0
2222,Vivien_Leigh,3
2223,Basel,0
2224,Humanism,0
2225,Johannesburg,5
2226,Nelson_Mandela,1
2227,Publishing,6
2228,Sarajevo,0
2229,George_I_of_Great_Britain,1
2230,Jacobite_rising,1
2231,John_Vanbrugh,1
2232,Order_of_the_Garter,1
2233,Annibale_Bugnini,0
2234,Pope_Pius_XII,0
2235,Hebrew_calendar,0
2236,Republic_of_China,5
2237,Triumph_of_the_Will,0
2238,Aphid,2
2239,Arthropod,2
2240,Bee,2
2241,Hymenoptera,2
2242,Thorax,2
2243,Wasp,2
2244,Wood,4
2245,Communication,0
2246,Antarctic_Treaty_System,3
2247,International_Court_of_Justice,1
2248,Antarctic_krill,2
2249,Aquarium,2
2250,Invertebrate,2
2251,Penguin,2
2252,Cosmic_microwave_background_radiation,4
2253,Emperor_Penguin,2
2254,Full_moon,4
2255,Ice_sheet,2
2256,Lake_Vostok,4
2257,Roald_Amundsen,2
2258,Sand,4
2259,Ship,0
2260,South_Georgia_and_the_South_Sandwich_Islands,1
2261,Antarctosaurus,2
2262,Antelope,2
2263,Black_Wildebeest,2
2264,Blue_Wildebeest,2
2265,Bongo_%28antelope%29,2
2266,Bontebok,2
2267,Common_Eland,2
2268,Dik-dik,2
2269,Giant_Eland,2
2270,Wildebeest,2
2271,Anthony_van_Dyck,0
2272,Flemish_people,3
2273,National_Gallery%2C_London,0
2274,Claude_L%C3%A9vi-Strauss,0
2275,Sociology,0
2276,Antigua_and_Barbuda,1
2277,Eric_Clapton,5
2278,Saint_Kitts_and_Nevis,1
2279,Arsenic,4
2280,Krypton,4
2281,Pottery,0
2282,Semiconductor,4
2283,Tin,4
2284,Antlion,2
2285,Jacques-Louis_David,0
2286,Nitrogen_cycle,4
2287,Apollo_11,3
2288,Gerald_Ford,3
2289,Neil_Armstrong,3
2290,University_of_Cambridge,1
2291,Anton_Alexander_von_Werner,0
2292,Black_pepper,2
2293,Lille,0
2294,Apaochi,5
2295,Baboon,2
2296,Monkey,2
2297,Carboniferous,2
2298,Coccinellidae,2
2299,Triassic,2
2300,Cyclops,0
2301,Dolphin,2
2302,European_Goldfinch,2
2303,Saturn_V,4
2304,Apollo_8,3
2305,Glynn_Lunney,3
2306,Moon_landing,3
2307,Radio_telescope,4
2308,Cape_Canaveral,3
2309,Domesticated_turkey,2
2310,Santa_Claus,1
2311,Celtic_mythology,0
2312,Cultivar,2
2313,Halloween,2
2314,Johnny_Appleseed,3
2315,Lung_cancer,4
2316,Norse_mythology,0
2317,Pollinator,2
2318,Prostate_cancer,4
2319,Applied_mathematics,0
2320,Bioinformatics,4
2321,Ordinary_differential_equation,0
2322,Retinol,2
2323,Ecology,4
2324,Goldfish,2
2325,Guangzhou,5
2326,Nitrification,4
2327,Otter,2
2328,Oxyrhynchus,0
2329,Regent%27s_Park,1
2330,The_Great_Exhibition,1
2331,Tropics,2
2332,Whale_shark,2
2333,Arab_League,1
2334,West_Bank,0
2335,Gaza_Strip,0
2336,Indonesian_language,5
2337,Palestinian_territories,0
2338,Land_%28economics%29,0
2339,Aradia%2C_or_the_Gospel_of_the_Witches,0
2340,Aral_Sea,4
2341,Volga_River,0
2342,Arcadia_%28play%29,0
2343,Royal_National_Theatre,1
2344,Archaeoastronomy,4
2345,Meteor_shower,4
2346,Stonehenge,1
2347,Oceania,5
2348,Paleontology,2
2349,Archaeopteryx,2
2350,Compsognathus,2
2351,Magpie,2
2352,Microraptor,2
2353,Pterosaur,2
2354,Canterbury_Cathedral,1
2355,Privy_Council_of_the_United_Kingdom,1
2356,Archimedes,0
2357,Pi,0
2358,Sphere,4
2359,Architecture_of_Windows_NT,6
2360,Windows_2000,6
2361,Windows_Vista,6
2362,Windows_XP,6
2363,Architecture_of_the_California_missions,4
2364,Axe,0
2365,Arctic_Circle,2
2366,Bj%C3%B8rn%C3%B8ya,2
2367,Jan_Mayen,1
2368,Muttaburrasaurus,2
2369,Svalbard,2
2370,Troodon,2
2371,Wolverine,2
2372,Duran_Duran,5
2373,McFly_%28band%29,1
2374,Romeo_and_Juliet,5
2375,Sheffield,1
2376,Top_of_the_Pops,5
2377,Oceanography,4
2378,Walrus,2
2379,Arctic_Tern,2
2380,Cod,2
2381,Common_Tern,2
2382,Herring_Gull,2
2383,Tern,2
2384,Coconut,5
2385,Faroe_Islands,1
2386,Argan,2
2387,Cactus,2
2388,Diego_Maradona,3
2389,FIFA_World_Cup,3
2390,Hawk,2
2391,Jackal,2
2392,Lima,3
2393,Mestizo,3
2394,Orca,2
2395,Right_whale,2
2396,Saxophone,5
2397,Sugarcane,2
2398,Tennis,5
2399,Trout,2
2400,Tungsten,4
2401,Volleyball,3
2402,Fluorine,4
2403,Xenon,4
2404,Argyle_diamond_mine,4
2405,Continental_crust,4
2406,Material_properties_of_diamond,4
2407,Rio_Tinto_Group,4
2408,Volcanic_pipe,4
2409,Beirut,0
2410,Logistics,0
2411,Aristarchus_%28crater%29,4
2412,Elementary_arithmetic,0
2413,Fundamental_theorem_of_arithmetic,0
2414,Prime_number,0
2415,Rabbit,2
2416,List_of_monarchs_in_the_British_Isles,1
2417,Behistun_Inscription,0
2418,Bhutan,5
2419,Deluge_%28mythology%29,0
2420,Interpol,1
2421,Nagorno-Karabakh_War,0
2422,Saint-Pierre_and_Miquelon,1
2423,Saint_Lucia,1
2424,Vladimir_Lenin,0
2425,Woodrow_Wilson,3
2426,Armia_Krajowa,0
2427,Witold_Pilecki,0
2428,Weight_training,4
2429,Arp2_3_complex,4
2430,Ars_moriendi,0
2431,Arsenal_F.C.,1
2432,Chelsea_F.C.,1
2433,Douglas_Adams,1
2434,Liverpool_F.C.,1
2435,Manchester_United_F.C.,1
2436,The_Hitchhiker%27s_Guide_to_the_Galaxy,1
2437,Tottenham_Hotspur_F.C.,1
2438,Buddhist_art,5
2439,Canberra,5
2440,Barnacle,2
2441,Coconut_crab,2
2442,Arthur_Ernest_Percival,5
2443,Battle_of_the_Somme_%281916%29,0
2444,Order_of_the_Bath,1
2445,Tank,0
2446,Arthur_Sullivan,0
2447,Bassoon,0
2448,Clarinet,0
2449,Rudyard_Kipling,3
2450,Second_Boer_War,1
2451,The_Absent-Minded_Beggar,0
2452,The_Merchant_of_Venice,1
2453,Tower_of_London,1
2454,Walter_Scott,0
2455,Arthur_Upfield,5
2456,Arthur_Wellesley%2C_1st_Duke_of_Wellington,1
2457,Battle_of_Jutland,1
2458,Isle_of_Wight,1
2459,Liverpool_and_Manchester_Railway,1
2460,Robert_Peel,1
2461,St_Paul%27s_Cathedral,1
2462,Trafalgar_Square,1
2463,Arts_and_crafts,0
2464,Woodworking,0
2465,Netherlands_Antilles,1
2466,Arugula,2
2467,Basil,2
2468,Lettuce,2
2469,Mustard_plant,2
2470,Ascariasis,2
2471,Epazote,2
2472,Riyadh,0
2473,Trichinosis,2
2474,Colombo,5
2475,Epic_of_Gilgamesh,0
2476,Hanoi,5
2477,Japanese_yen,5
2478,Macau,5
2479,Muscat%2C_Oman,5
2480,Pyongyang,5
2481,Rabindranath_Tagore,5
2482,Seoul,5
2483,Sikhism,5
2484,Taipei,5
2485,Toy,6
2486,Asp_%28reptile%29,0
2487,Asparagus,2
2488,Autism,0
2489,Sleep,2
2490,Tourette_syndrome,2
2491,Astatine,4
2492,Isaac_Asimov,0
2493,Polonium,4
2494,Comet_Shoemaker-Levy_9,4
2495,Carl_Sagan,4
2496,Francis_Bacon,0
2497,Big_Bang,4
2498,Cosmic_inflation,4
2499,Crab_Nebula,4
2500,Fermi_paradox,4
2501,Hubble%27s_law,4
2502,Metric_expansion_of_space,4
2503,Open_cluster,4
2504,Planetary_nebula,4
2505,Red_giant,4
2506,Uranus,4
2507,Astrophysics_Data_System,4
2508,Boolean_logic,4
2509,Fedora_Core,6
2510,Pleiades_%28star_cluster%29,4
2511,TeX,6
2512,Asunci%C3%B3n,3
2513,Eagle,2
2514,Athanasius_Kircher,0
2515,Cat,2
2516,Goose,2
2517,Love,0
2518,Creationism,0
2519,Margaret_Sanger,3
2520,Attalus_I,0
2521,Owl,2
2522,Bogot%C3%A1,3
2523,Skiing,3
2524,Calgary,3
2525,Gone_with_the_Wind_%28film%29,3
2526,National_Hockey_League,3
2527,Newcastle_upon_Tyne,1
2528,Trinidad_and_Tobago,1
2529,Atlantic_Coast_Line_Railroad,3
2530,Belfast,1
2531,Georgetown%2C_Guyana,3
2532,Gothenburg,1
2533,Irish_Sea,1
2534,Oslo,1
2535,Panama_Canal,3
2536,Portsmouth,1
2537,RMS_Titanic,1
2538,Rockall,1
2539,Atlantic_herring,2
2540,Atlantis,0
2541,Charles_Etienne_Brasseur_de_Bourbourg,0
2542,Santorini,0
2543,Caesium,4
2544,Lithium,4
2545,Promethium,4
2546,Quark,4
2547,Rubidium,4
2548,Technetium,4
2549,Ununhexium,4
2550,Hirohito,5
2551,Marshall_Islands,5
2552,First_Macedonian_War,0
2553,Cerebellum,2
2554,Mexico_City,3
2555,Augusta%2C_Lady_Gregory,0
2556,William_Gladstone,1
2557,Augustan_literature,0
2558,Colley_Cibber,1
2559,Jonathan_Wild,1
2560,Max_Weber,0
2561,Restoration_comedy,1
2562,Robinson_Crusoe,0
2563,William_and_Mary,1
2564,Auguste_Rodin,0
2565,Oil_painting,0
2566,Watercolor_painting,0
2567,Autocracy,0
2568,Australian_Open,5
2569,Christmas_Island,5
2570,Cocos_%28Keeling%29_Islands,1
2571,Dingo,2
2572,Emu,2
2573,Flag_of_Australia,5
2574,Grand_Slam_%28tennis%29,5
2575,Heard_Island_and_McDonald_Islands,2
2576,Kangaroo,2
2577,Kookaburra,2
2578,Multiculturalism,0
2579,Netball,1
2580,New_Caledonia,5
2581,Norfolk_Island,1
2582,Platypus,2
2583,Wombat,2
2584,WorkChoices,5
2585,Fauna_of_Australia,2
2586,Tree_frog,2
2587,The_Championships%2C_Wimbledon,5
2588,U.S._Open_%28tennis%29,5
2589,Australian_Ringneck,2
2590,Australian_constitutional_law,3
2591,Canadian_Charter_of_Rights_and_Freedoms,3
2592,Canadian_Senate,3
2593,Election,0
2594,United_States_Bill_of_Rights,3
2595,Guernsey,1
2596,Nauru,5
2597,Neighbours,5
2598,Canaletto,1
2599,Konrad_Lorenz,0
2600,Computer_programming,6
2601,Palace_of_Westminster,1
2602,Formula_One,3
2603,Karl_Benz,3
2604,Autobianchi_Primula,5
2605,Mini,5
2606,Data_Encryption_Standard,0
2607,Jersey,1
2608,Speech_synthesis,6
2609,Automatic_number_plate_recognition,3
2610,Nineteen_Eighty-Four,0
2611,Santiago%2C_Chile,3
2612,Henry_Ford,3
2613,MINI_%28BMW%29,3
2614,Autostereogram,6
2615,Lens_%28anatomy%29,2
2616,Harvest,2
2617,Avacha_Volcano,4
2618,Koryaksky,4
2619,Mount_Everest,5
2620,Avatar__The_Last_Airbender,6
2621,Avocado,2
2622,Lemon,2
2623,Nahuatl_language,3
2624,Avon_Gorge,2
2625,Beeching_Axe,1
2626,Clifton_Suspension_Bridge,1
2627,Ice_age,2
2628,Isambard_Kingdom_Brunel,1
2629,Jackdaw,2
2630,Pigeon,2
2631,Weston-super-Mare,1
2632,Avro_Lancaster,1
2633,Blackpool,1
2634,Supermarine_Spitfire,1
2635,Weapon,0
2636,Ayaan_Hirsi_Ali,0
2637,D%C3%BCsseldorf,0
2638,Jyllands-Posten_Muhammad_cartoons_controversy,0
2639,Political_science,0
2640,Aye-aye,2
2641,London_Zoo,2
2642,Woodpecker,2
2643,Aymer_de_Valence%2C_2nd_Earl_of_Pembroke,1
2644,Edward_II_of_England,1
2645,Henry_III_of_England,1
2646,Azerbaijani_people,0
2647,Iranian_peoples,0
2648,Civil_society,0
2649,Quetzalcoatl,3
2650,BASIC,6
2651,Channel_Islands,1
2652,DVD,6
2653,EastEnders,1
2654,John_Logie_Baird,1
2655,BBC_television_drama,1
2656,Sydney_Newman,3
2657,The_Quatermass_Experiment,1
2658,Royal_Dutch_Shell,4
2659,BT_Tower,1
2660,Company_%28law%29,0
2661,Beriberi,2
2662,Cyanocobalamin,4
2663,Edema,2
2664,Pellagra,2
2665,Thiamine,2
2666,Vitamin_D,4
2667,Beaver,2
2668,Taj_Mahal,5
2669,Baby_Gender_Mentor,3
2670,Code_of_Hammurabi,0
2671,Pythagorean_theorem,0
2672,Dice,0
2673,Ivory,2
2674,Enzyme_kinetics,4
2675,Insulin,4
2676,Lyme_disease,4
2677,Baden-Powell_House,1
2678,Robert_Baden-Powell%2C_1st_Baron_Baden-Powell,1
2679,Scouting,1
2680,Badger,2
2681,Rabies,2
2682,Vole,2
2683,Weasel,2
2684,Iraq_War,1
2685,Bahamas,1
2686,Tupac_Shakur,3
2687,Baker_Island,5
2688,Howland_Island,5
2689,Bald_Eagle,2
2690,Golden_Eagle,2
2691,Osprey,2
2692,Snow_Goose,2
2693,Swan,2
2694,Helsinki,5
2695,Cleveland%2C_Ohio,3
2696,Rail_transport,3
2697,Thunderstorm,3
2698,Niger_River,1
2699,Bangalore,5
2700,Chennai,5
2701,Economy_of_India,5
2702,Indian_Railways,5
2703,Indian_Standard_Time,5
2704,Indian_cricket_team,5
2705,Indian_independence_movement,5
2706,Kolkata,5
2707,Mumbai,5
2708,Stem_cell,3
2709,Sheikh_Mujibur_Rahman,5
2710,Soils_retrogression_and_degradation,4
2711,Bank_of_China_%28Hong_Kong%29,5
2712,Renminbi,5
2713,List_of_circulating_currencies,1
2714,Stock,5
2715,Banksy,1
2716,Christina_Aguilera,3
2717,Union_Flag,1
2718,Barack_Obama,3
2719,Cinema_of_the_United_States,3
2720,Music_of_Barbados,5
2721,Saint_Vincent_and_the_Grenadines,1
2722,Barbara_McClintock,3
2723,John_von_Neumann,0
2724,Barbary_Lion,2
2725,Cape_Lion,2
2726,Barbary_Macaque,2
2727,Castra,1
2728,Hannibal_Barca,0
2729,Montevideo,3
2730,Tel_Aviv,0
2731,Bran,2
2732,Barn_Owl,2
2733,Eurasian_Eagle_Owl,2
2734,Caravaggio,0
2735,Christopher_Wren,1
2736,Dido_and_Aeneas,1
2737,Johann_Pachelbel,0
2738,Rococo,0
2739,Barracuda,2
2740,Tuna,2
2741,Philosophy_of_mind,0
2742,Jackie_Robinson,3
2743,Old_Swiss_Confederacy,0
2744,Tarragon,2
2745,Basil_Brush,1
2746,Blue_Peter,1
2747,Weakest_Link,5
2748,Yes_Minister,1
2749,Basilica_of_San_Francesco_d%27Assisi,0
2750,Basilica_of_Santa_Maria_degli_Angeli,0
2751,Harlem_Globetrotters,3
2752,Michael_Jordan,3
2753,Basking_shark,2
2754,Cookiecutter_shark,2
2755,Great_white_shark,2
2756,Tiger_shark,2
2757,Bass_%28fish%29,2
2758,Basset_Hound,3
2759,Recorder,0
2760,The_Rite_of_Spring,0
2761,Bat,2
2762,Batman,3
2763,Gliding,0
2764,Henipavirus,5
2765,Paleocene,2
2766,Vampire,2
2767,Vampire_bat,2
2768,Bat-eared_Fox,2
2769,Zebra,2
2770,Bear,2
2771,Cotswolds,1
2772,Lawn,5
2773,Palladian_architecture,0
2774,Plymouth,1
2775,Politics_of_the_United_Kingdom,1
2776,Triathlon,1
2777,Bath_School_disaster,3
2778,Columbine_High_School_massacre,3
2779,Michigan_State_University,3
2780,Batholith,4
2781,Spring_Heeled_Jack,1
2782,Battle_of_Alesia,0
2783,Battle_of_Amiens,0
2784,George_V_of_the_United_Kingdom,1
2785,Battle_of_Austerlitz,1
2786,Battle_of_Cannae,0
2787,La_Grande_Arm%C3%A9e,0
2788,List_of_French_monarchs,0
2789,War_and_Peace,0
2790,William_Pitt_the_Younger,1
2791,Battle_of_Badr,0
2792,Tribe,0
2793,Battle_of_Bicocca,0
2794,Italian_War_of_1521,0
2795,War_of_the_League_of_Cambrai,0
2796,Battle_of_Normandy,0
2797,Battle_of_the_Bulge,0
2798,Blitzkrieg,0
2799,The_Blitz,1
2800,Dwight_D._Eisenhower,3
2801,Victoria_Cross,1
2802,Battle_of_Lechaeum,0
2803,Battle_of_Leyte_Gulf,5
2804,Northern_Mariana_Islands,5
2805,Pheidippides,0
2806,Battle_of_the_Eastern_Solomons,5
2807,Battle_of_the_Santa_Cruz_Islands,5
2808,Battle_of_Smolensk_%281943%29,0
2809,T-34,1
2810,Weymouth,1
2811,Battle_of_Rennell_Island,5
2812,Naval_Battle_of_Guadalcanal,5
2813,Battle_of_Sitka,3
2814,Benjamin_Harrison,3
2815,Battle_of_Vaslui,0
2816,Battle_of_Warsaw_%281920%29,0
2817,J%C3%B3zef_Pi%C5%82sudski,0
2818,Battle_of_the_Little_Bighorn,3
2819,Western_Front_%28World_War_I%29,0
2820,Battles_of_the_Mexican-American_War,3
2821,Bay_Area_Rapid_Transit,3
2822,Mass_Rapid_Transit_%28Singapore%29,5
2823,Landform,2
2824,Leisure,0
2825,Sand_art_and_play,4
2826,Bean,2
2827,Peanut,2
2828,Vicia_faba,2
2829,Giant_Panda,2
2830,Red_Panda,2
2831,Beatles_for_Sale,5
2832,Hyde_Park%2C_London,1
2833,Paul_McCartney,5
2834,Sgt._Pepper%27s_Lonely_Hearts_Club_Band,5
2835,The_Lion%2C_the_Witch_and_the_Wardrobe,0
2836,Bedbug,2
2837,Poultry,2
2838,Durham_Cathedral,1
2839,Beetle,2
2840,Honey_bee,2
2841,Pollinator_decline,2
2842,Harold_Wilson,1
2843,Scottish_Highlands,1
2844,Beep_%28SWBLW%29,3
2845,CF7,3
2846,Guinness,4
2847,Playing_card,0
2848,Sikkim,5
2849,Beet,2
2850,Carrot,2
2851,Sugar_beet,2
2852,Chestnut,2
2853,Permian,2
2854,Stag_beetle,2
2855,Behavioral_finance,0
2856,Grand_Canal_of_China,5
2857,Great_Wall_of_China,5
2858,Qin_Dynasty,5
2859,Tiananmen_Square_protests_of_1989,5
2860,Eurovision_Song_Contest,1
2861,Flag_of_Belarus,0
2862,Habsburg_Spain,0
2863,The_Adventures_of_Tintin,0
2864,Belton_House,1
2865,Manorialism,0
2866,Speaker_of_the_British_House_of_Commons,1
2867,Ben-Hur_%281959_film%29,0
2868,Sermon_on_the_Mount,0
2869,London_Bridge,1
2870,Ben_Nevis,1
2871,Loch,1
2872,Pony,2
2873,Bench_language,1
2874,Ordinal_number,0
2875,Police_state,0
2876,Benjamin_Britten,1
2877,Brass_instrument,4
2878,Peter_Grimes,1
2879,Robert_Gascoyne-Cecil%2C_3rd_Marquess_of_Salisbury,1
2880,Lightning_rod,4
2881,Lunar_eclipse,4
2882,William_Henry_Harrison,3
2883,William_Howard_Taft,3
2884,William_McKinley,3
2885,Benjamin_Mountfort,0
2886,Francis_Petre,0
2887,The_Cantos,0
2888,Benjamin_of_Tudela,0
2889,Rhenium,4
2890,Osteomalacia,4
2891,Berkelium,4
2892,Californium,4
2893,Terbium,4
2894,Berlin_Wall,0
2895,German_reunification,0
2896,Wernher_von_Braun,4
2897,Maglev_train,5
2898,Marshall_Plan,1
2899,Bernard_Hinault,3
2900,Greg_LeMond,3
2901,Laurent_Fignon,3
2902,Georg_Cantor,0
2903,Betelgeuse_incident,1
2904,Bette_Davis,3
2905,Jane_Fonda,3
2906,Yak,5
2907,Dead_Sea_scrolls,0
2908,Names_of_God_in_Judaism,0
2909,Pentateuch,0
2910,Bicycle_Thieves,3
2911,Physical_paradox,4
2912,Plasma_%28physics%29,4
2913,Calvin_Coolidge,3
2914,Chester_A._Arthur,3
2915,Franklin_Pierce,3
2916,Harry_S._Truman,3
2917,Herbert_Hoover,3
2918,John_Tyler,3
2919,Millard_Fillmore,3
2920,Rutherford_B._Hayes,3
2921,Warren_G._Harding,3
2922,Billie_Holiday,3
2923,Biosphere,4
2924,PSR_B1620-26c,4
2925,Trigonometric_function,0
2926,Optical_telescope,4
2927,Biofuel,4
2928,List_of_essential_oils,2
2929,List_of_vegetable_oils,2
2930,Bog,1
2931,History_of_Earth,4
2932,Life,4
2933,Environmental_science,4
2934,Waste_management,4
2935,C%2B%2B,6
2936,Prion,4
2937,Sequence_alignment,4
2938,Creation-evolution_controversy,4
2939,Drosophila_melanogaster,4
2940,Genetic_code,4
2941,Plate_tectonics,4
2942,Bionicle__Mask_of_Light,1
2943,Lego,6
2944,Hydrology,4
2945,Haemophilia,1
2946,Dodo,2
2947,Dove,2
2948,Falcon,2
2949,Flamingo,2
2950,Great_Auk,2
2951,House_Sparrow,2
2952,Passenger_Pigeon,2
2953,Redwing,2
2954,Rock_Pigeon,2
2955,Snowy_Owl,2
2956,Swift,2
2957,Turkey_%28bird%29,2
2958,Blackbird,2
2959,Blackcap,2
2960,Canada_Goose,2
2961,Chaffinch,2
2962,Skylark,2
2963,Vulture,2
2964,Whooping_Crane,2
2965,Kite_%28bird%29,2
2966,M6_motorway,1
2967,River_Severn,1
2968,Ska,5
2969,Stratford-upon-Avon,1
2970,Menstrual_cycle,2
2971,Tansy,2
2972,Thallium,4
2973,Ununpentium,4
2974,Gaur,5
2975,Bj%C3%B6rn_Borg,5
2976,Boris_Becker,5
2977,Davis_Cup,5
2978,John_McEnroe,5
2979,Pete_Sampras,5
2980,Tennis_Masters_Cup,5
2981,William_Renshaw,5
2982,Willem_Barents,2
2983,Black-backed_Jackal,2
2984,Black-footed_Cat,2
2985,Black-winged_Stilt,2
2986,Hunger,0
2987,Black_Rhinoceros,1
2988,Black_Robin,2
2989,Tiger,5
2990,Black_Seminoles,3
2991,Robert_Oppenheimer,4
2992,Roche_limit,4
2993,Black_panther,2
2994,Bobcat,2
2995,Edible_salt,2
2996,Long_pepper,5
2997,Ramesses_II,0
2998,Sichuan_Pepper,2
2999,Black_widow_spider,2
3000,Thrush_%28bird%29,2
3001,Blackjack,6
3002,Card_game,6
3003,Blacktip_reef_shark,2
3004,Gray_reef_shark,2
3005,Computer_and_video_games,6
3006,Firefly_%28TV_series%29,3
3007,Pan_Am_Flight_103,1
3008,Synthesizer,5
3009,Blokus,0
3010,Blue_Jay,2
3011,Buckingham_Palace,1
3012,Blue_Tit,2
3013,Great_Tit,2
3014,Treecreeper,2
3015,Blue_Whale,2
3016,Double-decker_bus,5
3017,Humpback_Whale,2
3018,Outer_Hebrides,1
3019,Whale_song,2
3020,Blue_shark,2
3021,Music_of_Ireland,5
3022,Bluetooth,6
3023,Civilization_%28computer_game%29,0
3024,Go_%28board_game%29,5
3025,Mancala,0
3026,Monopoly_%28game%29,3
3027,Bologna,0
3028,Christian_Bale,3
3029,Minneapolis%2C_Minnesota,3
3030,Neil_Young,5
3031,Sony,6
3032,Body_mass_index,1
3033,Bodyline,5
3034,James_Bond,6
3035,Dartmoor,1
3036,Haraldsk%C3%A6r_Woman,1
3037,Sim%C3%B3n_Bol%C3%ADvar,3
3038,Bohemian_Rhapsody,5
3039,Bohor_Reedbuck,2
3040,Bohrium,4
3041,Dubnium,4
3042,Hassium,4
3043,Seaborgium,4
3044,La_Paz,3
3045,Lake_Titicaca,3
3046,Sucre,3
3047,Guglielmo_Marconi,1
3048,Medieval_commune,0
3049,Boltysh_crater,2
3050,Bushbuck,2
3051,Booby,2
3052,Book,0
3053,Johannes_Gutenberg,0
3054,Library_of_Congress,3
3055,Book_of_Kells,0
3056,Lindisfarne_Gospels,0
3057,Venn_diagram,0
3058,Borage,2
3059,Chives,2
3060,Cubeb,2
3061,Cymbopogon,2
3062,Dill,2
3063,Juniper_berry,2
3064,Lovage,2
3065,Mango,2
3066,Marjoram,2
3067,Mentha,2
3068,Oregano,2
3069,Paprika,2
3070,Rosemary,2
3071,Saffron,2
3072,Sesame,2
3073,Sorrel,2
3074,Sumac,2
3075,Tamarind,2
3076,Turmeric,2
3077,Wasabi,2
3078,Hopman_Cup,5
3079,Italo_disco,2
3080,Stefan_Edberg,5
3081,Husein_Grada%C5%A1%C4%8Devi%C4%87,0
3082,Boston_RFC,1
3083,Cheers,3
3084,Global_city,5
3085,Merrimack_River,3
3086,New_England_Patriots,3
3087,Boston_Terrier,3
3088,Cornea,2
3089,Boston_and_Lowell_Railroad,3
3090,Chocolate,2
3091,Gardening,2
3092,Bottlenose_Dolphin,2
3093,Bull_shark,2
3094,U.S._Navy_Marine_Mammal_Program,3
3095,Jane_Eyre,3
3096,Boundary_Waters_Canoe_Area_Wilderness,3
3097,Bourbonnais_train_accident,3
3098,Bouvet_Island,1
3099,Boy_Scout,1
3100,Eagle_Scout_%28Boy_Scouts_of_America%29,3
3101,Boyle_Roche,1
3102,Limerick,1
3103,Brabantian,0
3104,East_Flemish,0
3105,Zuid-Gelders,0
3106,Brabham,3
3107,Damon_Hill,3
3108,Milton_Keynes,1
3109,Brachiosaurus,2
3110,Sauroposeidon,2
3111,Trimurti,5
3112,Down_syndrome,2
3113,Huntington%27s_disease,4
3114,Kuru_%28disease%29,2
3115,Tay-Sachs_disease,2
3116,Brandon_Routh,3
3117,Bratislava,0
3118,Economic_inequality,0
3119,Pel%C3%A9,3
3120,Butter,2
3121,Last_Supper,0
3122,Pumpkin,2
3123,Soup,2
3124,Breaker_Morant,1
3125,Gold_standard,0
3126,Wall_Street,3
3127,Brian_Close,1
3128,Force,4
3129,Forth_Bridge_%28railway%29,1
3130,Tay_Rail_Bridge,1
3131,The_Iron_Bridge,1
3132,Tower_Bridge,1
3133,George_IV_of_the_United_Kingdom,1
3134,Vodafone,1
3135,Daniel_Day-Lewis,1
3136,John_Cabot,1
3137,Mendip_Hills,2
3138,Goa,5
3139,Walter_Raleigh,1
3140,CS_gas,1
3141,Richard_II_of_England,1
3142,British_Indian_Ocean_Territory,1
3143,British_Virgin_Islands,1
3144,Diego_Garcia,5
3145,French_Polynesia,1
3146,French_Southern_and_Antarctic_Lands,1
3147,Pitcairn_Islands,2
3148,British_Isles_%28terminology%29,1
3149,Fair_Isle,1
3150,Inner_Hebrides,1
3151,Isles_of_Scilly,1
3152,Ordovician,2
3153,FIFA,1
3154,Edward_IV_of_England,1
3155,Edward_VIII_of_the_United_Kingdom,1
3156,Edward_V_of_England,1
3157,George_II_of_Great_Britain,1
3158,Henry_IV_of_England,1
3159,Henry_I_of_England,1
3160,Henry_VI_of_England,1
3161,Malcolm_III_of_Scotland,1
3162,Malcolm_II_of_Scotland,1
3163,Order_of_the_Thistle,1
3164,Sandringham_House,1
3165,Stephen_of_England,1
3166,William_II_of_England,1
3167,Windsor_Castle,1
3168,Britney_Spears,3
3169,Dead_Sea,4
3170,Revolution,0
3171,Brown_trout,2
3172,Bruce_Lee,5
3173,Fencing,0
3174,Brush,2
3175,RER,0
3176,TGV,0
3177,Brute_force_attack,0
3178,Bryce_Canyon_National_Park,2
3179,Mormon,3
3180,Nuthatch,2
3181,Zion_National_Park,2
3182,Btrieve,6
3183,Henri_Matisse,0
3184,Paul_C%C3%A9zanne,0
3185,Water_polo,3
3186,Buckminster_Fuller,4
3187,Flat_Earth,0
3188,Casablanca_%28film%29,0
3189,Intel_Corporation,6
3190,Rubik%27s_Cube,0
3191,Indo-Greek_Kingdom,5
3192,Tao_Te_Ching,0
3193,Tripitaka,5
3194,Vinaya,5
3195,Greco-Buddhism,5
3196,Buffy_the_Vampire_Slayer,3
3197,Popular_culture_studies,6
3198,Seinfeld,3
3199,Bushpig,2
3200,Constantine_I,0
3201,Manuel_I_Komnenos,0
3202,Sun_Tzu,0
3203,Hilda_of_Whitby,0
3204,C._S._Lewis,0
3205,The_Pilgrim%27s_Progress,0
3206,CPU_cache,4
3207,Cochineal,2
3208,Cadmium,4
3209,Indium,4
3210,Caesar_cipher,0
3211,ROT13,0
3212,Caesium_fluoride,4
3213,Calcium_chloride,4
3214,Thomas_Pynchon,0
3215,Scandium,4
3216,Zirconium,4
3217,Physical_science,4
3218,Polar_coordinate_system,0
3219,Canadian_House_of_Commons,3
3220,Colorado_River,3
3221,Lake_Tahoe,3
3222,List_of_U.S._states_by_date_of_statehood,3
3223,Minimum_wage,3
3224,Redwood_National_and_State_Parks,3
3225,Sequoia,2
3226,California_Southern_Railroad,3
3227,Cape_Horn,3
3228,Ununoctium,4
3229,Caloris_Basin,4
3230,Krazy_Kat,3
3231,Isan,5
3232,Mekong,5
3233,Stephen_Jay_Gould,2
3234,Ipswich,1
3235,Sinclair_Research_Ltd,6
3236,Niagara_Falls,3
3237,Parliament_of_Canada,3
3238,Hawaiian_Goose,2
3239,Voting,0
3240,Westminster_System,1
3241,The_Canadian,3
3242,Ebony,5
3243,Saint_Lawrence_Seaway,3
3244,Lake_Burley_Griffin,5
3245,Yarralumla%2C_Australian_Capital_Territory,5
3246,Hepatocellular_carcinoma,5
3247,Cane_Toad,2
3248,Canola,2
3249,Dover,1
3250,M25_motorway,1
3251,Margate,1
3252,Ramsgate,1
3253,Jomsvikings,1
3254,Coulomb%27s_law,4
3255,Electric_field,4
3256,Gauss%27s_law,4
3257,Inductance,4
3258,Maxwell%27s_equations,4
3259,Cape_Porcupine,2
3260,Valpara%C3%ADso,3
3261,Das_Kapital,0
3262,Leon_Trotsky,0
3263,Capitoline_Triad,0
3264,Captain_Marvel_%28DC_Comics%29,3
3265,M%2AA%2AS%2AH_%28TV_series%29,3
3266,Worm,2
3267,Caracas,3
3268,Caratacus,1
3269,The_Last_Supper_%28Leonardo%29,0
3270,Utrecht_%28city%29,0
3271,Greenhouse_effect,4
3272,Mauna_Loa,4
3273,Pelycosaur,2
3274,Carcinus_maenas,2
3275,Magic__The_Gathering,0
3276,Pok%C3%A9mon_Trading_Card_Game,1
3277,Leeds,1
3278,Philately,1
3279,Carl_G._Fisher,3
3280,Myers-Briggs_Type_Indicator,0
3281,Carl_Lewis,3
3282,Jesse_Owens,3
3283,Daniel_Ellsberg,3
3284,Carlsbad_Caverns_National_Park,4
3285,Gray_Wolf,2
3286,Caroline_Island,2
3287,Kiribati,1
3288,Niue,1
3289,Sea_level_rise,2
3290,Carolingian_Gospel_Book_%28British_Library%2C_MS_Add._11848%29,0
3291,Parsnip,2
3292,Casimir_effect,4
3293,Renormalization,4
3294,Enceladus_%28moon%29,4
3295,Great_Red_Spot,4
3296,Cassowary,2
3297,Wild_cat,2
3298,Cat%27s_Eye_Nebula,4
3299,Cat_Stevens,1
3300,Cataract,4
3301,Cataract_surgery,2
3302,Catherine_Cranston,1
3303,Catholic_social_teaching,0
3304,Human_dignity,0
3305,Mammoth_Cave_National_Park,3
3306,Stingray,2
3307,Celeriac,2
3308,Celine_Dion,5
3309,Louis_Armstrong,5
3310,Order_of_Canada,3
3311,Francis_Crick,4
3312,James_D._Watson,4
3313,Cello,0
3314,Celtic_F.C.,1
3315,Celtic_Park,1
3316,Dundee_United_F.C.,1
3317,Scottish_mythology,1
3318,Quantum_computer,4
3319,Ceratopsidae,2
3320,Monoclonius,2
3321,Styracosaurus,2
3322,Health,4
3323,Gas_tungsten_arc_welding,4
3324,Neodymium,4
3325,Praseodymium,4
3326,Yttrium,4
3327,Senufo_languages,1
3328,Gal%C3%A1pagos_Islands,2
3329,Poor_Law,1
3330,David_Copperfield_%28novel%29,0
3331,Oliver_Twist,3
3332,Shoe_polish,5
3333,Maya_mythology,0
3334,Newmarket,1
3335,Charlotte%27s_Web,6
3336,Nintendo_DS,6
3337,Chartism,1
3338,Che_Guevara,3
3339,Malcolm_X,3
3340,Kansas_City%2C_Missouri,3
3341,Speaker_of_the_United_States_House_of_Representatives,3
3342,Kitsch,0
3343,Space_exploration,4
3344,Tooth_enamel,2
3345,Lutetium,4
3346,Niobium,4
3347,Computational_chemistry,4
3348,Quantum_chemistry,4
3349,Chepstow_Bridge,1
3350,Chernobyl_disaster,4
3351,Eleocharis_dulcis,5
3352,Chew_Magna,1
3353,Chew_Stoke,1
3354,Chew_Valley,2
3355,Chew_Valley_Lake,2
3356,Mistle_Thrush,2
3357,Wren,2
3358,Pochard,2
3359,Reed_Warbler,2
3360,Chicago_Bears,3
3361,Dakota%2C_Minnesota_and_Eastern_Railroad,3
3362,Common_cold,2
3363,Child,0
3364,Convention_on_the_Rights_of_the_Child,3
3365,Chiltern_Hills,1
3366,Dunstable_Downs,1
3367,Sun_Yat-sen,5
3368,Chinese_Rites_controversy,5
3369,Chinyingi,4
3370,J._S._Fry_%26_Sons,2
3371,The_Count_of_Monte_Cristo,0
3372,Chris_Evert,5
3373,Fed_Cup,5
3374,Martina_Navratilova,5
3375,WTA_Tour_Championships,3
3376,Firearm,0
3377,Jake_Gyllenhaal,3
3378,Pac-Man,6
3379,Treasure_Island,0
3380,Oswald_of_Northumbria,1
3381,Cultural_identity,0
3382,Sonic_the_Hedgehog_%28character%29,6
3383,Strait_of_Malacca,5
3384,Chromatic_aberration,4
3385,Cicely,2
3386,Poetry_of_the_United_States,0
3387,The_Godfather,3
3388,The_Shawshank_Redemption,3
3389,Community,0
3390,Juice,2
3391,Kaffir_lime,2
3392,Patna,5
3393,Derby,1
3394,Salford,1
3395,Civil_War_token,4
3396,Social_capital,0
3397,Henry_Moore,1
3398,Jordan_River,0
3399,Olmec,3
3400,Oppression,0
3401,Macintosh,6
3402,John_Constable,0
3403,Laurence_Olivier,1
3404,Cleopatra_VII_of_Egypt,0
3405,North_Atlantic_oscillation,4
3406,Retreat_of_glaciers_since_1850,2
3407,Norwich,1
3408,Clone_Wars_%28Star_Wars%29,6
3409,Darth_Vader,6
3410,Obi-Wan_Kenobi,6
3411,Coal_Tit,2
3412,Cockatiel,2
3413,Coconut_oil,2
3414,New_moon,4
3415,Omega-3_fatty_acid,2
3416,Colditz_Castle,0
3417,Mauthausen-Gusen_concentration_camp,0
3418,The_Importance_of_Being_Earnest,3
3419,Colima_%28volcano%29,3
3420,Collapse_of_the_World_Trade_Center,3
3421,Stage_%28theatre%29,0
3422,The_Relapse,1
3423,Theatre_Royal%2C_Drury_Lane,1
3424,Federated_States_of_Micronesia,5
3425,Hoover_Dam,3
3426,Lake_Mead,3
3427,Lake_Powell,3
3428,Colossus_of_Rhodes,0
3429,Missouri_River,3
3430,Doom,6
3431,Deconstructivism,0
3432,Comet_Hale-Bopp,4
3433,Comet_Hyakutake,4
3434,Great_comet,4
3435,Eilmer_of_Malmesbury,0
3436,Mir,4
3437,Space_Shuttle_Challenger_disaster,4
3438,Comet_White-Ortiz-Bolelli,4
3439,Comics,6
3440,The_Beano,1
3441,The_Dandy,1
3442,Comma_Johanneum,0
3443,Common_Basilisk,2
3444,Common_Cuckoo,2
3445,Dunnock,2
3446,Common_Eider,2
3447,Common_Hazel,2
3448,Common_Pheasant,2
3449,Common_agouti,2
3450,Squash_%28sport%29,1
3451,Tuvalu,1
3452,Robert_Owen,0
3453,Local_community,0
3454,Oviraptor,2
3455,Schr%C3%B6dinger_equation,4
3456,GNOME,6
3457,History_of_computing_hardware,4
3458,Python_%28programming_language%29,6
3459,Trigonometry,0
3460,Nintendo_Entertainment_System,6
3461,Rosa_Parks,3
3462,Conflict,0
3463,Three_Gorges_Dam,5
3464,Constantine_II_of_Scotland,1
3465,Constitution_of_May_3%2C_1791,0
3466,History_of_democracy,0
3467,El_Lissitzky,0
3468,Consumer_protection,3
3469,Contact_lens,2
3470,Eyelid,2
3471,Fusarium,2
3472,Igneous_rock,4
3473,Control_car_%28rail%29,3
3474,Convention_on_the_International_Trade_in_Endangered_Species_of_Wild_Flora_and_Fauna,2
3475,International_human_rights_instruments,3
3476,Hafnium,4
3477,Copenhagen_Fire_of_1728,1
3478,Great_Cormorant,2
3479,Corn_oil,2
3480,Crash_test_dummy,2
3481,PONG,6
3482,The_West_Wing_%28TV_series%29,3
3483,Coronation_Street,1
3484,Corporate_finance,5
3485,Investment_banking,5
3486,Supply_chain_management,3
3487,Costume_design,6
3488,Howards_End,1
3489,Lighting_designer,6
3490,Gossypium,3
3491,Coupling_%28railway%29,3
3492,Lynton_and_Barnstaple_Railway,3
3493,Montreal_Metro,0
3494,Thor,0
3495,Craters_of_the_Moon_National_Monument_and_Preserve,2
3496,Odin,0
3497,Creative_Commons,6
3498,Mozilla_Firefox,6
3499,Wikinews,6
3500,Wikipedia,6
3501,Ichthyosaur,2
3502,Plesiosaur,2
3503,Pachycephalosaurus,2
3504,Pelagic_zone,2
3505,Tuatara,2
3506,Juvenile_delinquency,0
3507,Crime_and_Punishment,0
3508,Franz_Kafka,0
3509,The_Brothers_Karamazov,0
3510,The_Waste_Land,0
3511,Crime_in_Mexico,3
3512,Crimean_Karaites,0
3513,Mary_Seacole,1
3514,Crimson-collared_Tanager,2
3515,Cristero_War,0
3516,Knights_of_Columbus,3
3517,Criticism_of_the_War_on_Terrorism,0
3518,Jean_Charles_de_Menezes,1
3519,Crohn%27s_disease,4
3520,Cross_Fell,1
3521,Lake_District,4
3522,Pennine_Way,1
3523,Crossbill,2
3524,Rook_%28bird%29,2
3525,Crown_Jewels_of_the_United_Kingdom,1
3526,Siege_of_Antioch,0
3527,Crystallographic_defects_in_diamond,4
3528,Cuckmere_Haven,1
3529,Meander,2
3530,Oxbow_lake,5
3531,Cultural_diversity,0
3532,Organization,0
3533,Culture_of_the_Democratic_Republic_of_the_Congo,2
3534,Gadolinium,4
3535,Cyclamen,2
3536,Cyclone_Percy,5
3537,Pandanus,2
3538,Cyclone_Rosita,5
3539,Cyril_Clarke,1
3540,Cyrus_K._Holliday,3
3541,Disneyland_Railroad,3
3542,Cystic_fibrosis,4
3543,Telecommunication,6
3544,Longship,1
3545,Polymerase_chain_reaction,4
3546,Dad%27s_Army,1
3547,Morecambe_and_Wise,1
3548,Daley_Thompson,1
3549,John_F._Kennedy_assassination,3
3550,Damascus_steel,0
3551,Katana,5
3552,Pat_Cash,5
3553,Dandelion,2
3554,Danny_Deever,3
3555,Danske_Statsbaner,3
3556,Rwandan_Genocide,1
3557,Darling_River,4
3558,Darmstadtium,4
3559,Meitnerium,4
3560,Roentgenium,4
3561,Natalie_Portman,3
3562,David_Attenborough,2
3563,David_Beckham,1
3564,David_Blanchflower,1
3565,David_Cameron,1
3566,Stanley_Baldwin,1
3567,David_Helvarg,3
3568,David_Heymann,3
3569,David_Hilbert,0
3570,David_III_of_Tao,1
3571,Serbia_and_Montenegro,1
3572,Davy_Jones%27_Locker,6
3573,Dayuan,5
3574,Issyk_Kul,0
3575,Zhang_Qian,5
3576,Great_Salt_Lake,4
3577,Lake_Baikal,2
3578,Death_Valley_National_Park,4
3579,Snowball_Earth,4
3580,Talc,4
3581,Decade_Volcanoes,4
3582,Mount_Nyiragongo,4
3583,Mount_Rainier,3
3584,Mount_Unzen,5
3585,Sakurajima,4
3586,Ulawun,4
3587,Defaka,1
3588,Defense_of_Sihang_Warehouse,5
3589,Flag_of_the_Republic_of_China,5
3590,Velociraptor,2
3591,Fiction,0
3592,Osiris,0
3593,Waheguru,0
3594,Indira_Gandhi,5
3595,Demand_Note,3
3596,Democratic_Action_Party,5
3597,Parliament_of_Malaysia,5
3598,Okapi,2
3599,Denis_Law,1
3600,Sk%C3%A5neland,0
3601,Dennis_Ritchie,6
3602,Sunflower,2
3603,Desert_locust,2
3604,Pontiac%27s_Rebellion,3
3605,Super_Bowl_XL,3
3606,The_Temptations,3
3607,Dewey_Square,3
3608,Diamond_simulant,4
3609,Diamond_cut,0
3610,Diane_Keaton,3
3611,I_Ching,0
3612,The_Fairy-Queen,1
3613,Venus_and_Adonis_%28opera%29,1
3614,Differential_geometry_and_topology,0
3615,Manifold,0
3616,Diffuse_interstellar_band,4
3617,Dilophosaurus,2
3618,Dimetrodon,2
3619,Spinosaurus,2
3620,Giganotosaurus,2
3621,Iguanodon,2
3622,Indricotherium,2
3623,King_Kong_%281933_film%29,2
3624,Maiasaura,2
3625,Mammoth,2
3626,Protoceratops,2
3627,Directive_Principles_in_India,5
3628,Rupee,5
3629,Sardar_Vallabhbhai_Patel,5
3630,Dixie_Mission,3
3631,Mendelevium,4
3632,Extinct_birds,2
3633,Gerald_Durrell,1
3634,Jersey_Zoological_Park,2
3635,Mixed-breed_dog,3
3636,Domestic_AC_power_plugs_and_sockets,5
3637,Donald_Duck,1
3638,Donald_Knuth,0
3639,Emacs,6
3640,Tim_Berners-Lee,1
3641,Miles_Davis,5
3642,Kakapo,2
3643,Mount_Kilimanjaro,2
3644,Eurasian_Collared_Dove,2
3645,Pink_Pigeon,2
3646,Wood_Pigeon,2
3647,White_cliffs_of_Dover,1
3648,Dr._Seuss,0
3649,The_Cat_in_the_Hat,0
3650,The_Lorax,0
3651,Draughts,1
3652,GlaxoSmithKline,5
3653,Driving_on_the_left_or_right,1
3654,Palau,5
3655,Drosera_anglica,2
3656,Soil_pH,4
3657,Sundew,2
3658,Drum_and_bass,5
3659,Garage_%28dance_music%29,5
3660,The_Supremes,3
3661,Matsuo_Bash%C5%8D,0
3662,Dualism_%28philosophy_of_mind%29,0
3663,Eliminative_materialism,0
3664,Jerry_Fodor,0
3665,Osaka,5
3666,Rutherfordium,4
3667,Humus,4
3668,Kylie_Minogue,5
3669,Durian,5
3670,High_German_consonant_shift,0
3671,Erbium,4
3672,Holmium,4
3673,E.T._the_Extra-Terrestrial_%28Atari_2600%29,3
3674,E._E._Cummings,0
3675,Modernist_poetry_in_English,0
3676,E._P._Wigner,0
3677,EMD_BL2,3
3678,Florida_East_Coast_Railway,3
3679,EMD_GP30,3
3680,White-tailed_Eagle,2
3681,Earless_seal,2
3682,Effects_of_nuclear_explosions,4
3683,Tsar_Bomba,4
3684,Earwax,4
3685,Eastern_Roman_Empire,0
3686,Rail_transport_in_India,5
3687,Economy_of_Pakistan,2
3688,Economy_of_Scotland,1
3689,Economy_of_the_Iroquois,3
3690,Economy_of_the_Republic_of_Ireland,4
3691,Shining_Path,3
3692,Marcel_Proust,0
3693,The_Picture_of_Dorian_Gray,0
3694,Potassium_iodide,4
3695,Edwin_of_Northumbria,1
3696,Edmonton,3
3697,Edmund_Hillary,5
3698,Tenzing_Norgay,5
3699,Educational_psychology,0
3700,Education_in_the_United_States,3
3701,Household_income_in_the_United_States,3
3702,List_of_areas_in_the_National_Park_System_of_the_United_States,3
3703,Margin_of_error,3
3704,Separation_of_powers_under_the_United_States_Constitution,3
3705,Kohlberg%27s_stages_of_moral_development,0
3706,Pedagogy,0
3707,Ralph_Nader,3
3708,Penda_of_Mercia,1
3709,Effect_of_Hurricane_Katrina_on_New_Orleans,3
3710,Levee_failures_in_Greater_New_Orleans%2C_2005,3
3711,Meteorological_history_of_Hurricane_Katrina,3
3712,Yellow_fever,3
3713,Effects_of_global_warming,2
3714,History_of_nuclear_weapons,4
3715,Trinity_test,4
3716,Tofu,2
3717,Giza_pyramid_complex,0
3718,Hatshepsut,0
3719,Eifel_Aqueduct,0
3720,Fermium,4
3721,El_Hatillo_Municipality%2C_Miranda,3
3722,Sparrowhawk,2
3723,Eldfell,4
3724,Iceland_hotspot,4
3725,Surtsey,2
3726,Isospin,4
3727,William_Gilbert,4
3728,Optical_fiber,4
3729,Superconductivity,4
3730,Mechanical_work,4
3731,Electron_beam_welding,4
3732,Electronic_amplifier,4
3733,Semiconductor_device,4
3734,Elementary_group_theory,0
3735,Ganesha,5
3736,Tooth_development,2
3737,Elephant_bird,2
3738,Elephant_shrew,2
3739,Elfin-woods_Warbler,2
3740,Mongoose,2
3741,Elias_Ashmole,1
3742,Elizabeth_Fry,1
3743,Elizabethan_Poor_Law_%281601%29,1
3744,Muhammad_Ali,3
3745,GNU_Project,6
3746,OpenBSD,6
3747,X_Window_System,6
3748,Stuttering,1
3749,Emma_Roberts,3
3750,Empires__Dawn_of_the_Modern_World,6
3751,Vestigial_structure,2
3752,Endoscopic_foreign_body_retrieval,5
3753,Measurement,0
3754,Gustav_Holst,4
3755,L._S._Lowry,1
3756,National_parks_of_England_and_Wales,1
3757,England_expects_that_every_man_will_do_his_duty,1
3758,Horatio_Nelson%2C_1st_Viscount_Nelson,1
3759,HTTP_cookie,6
3760,English_monarchs_family_tree,1
3761,George_Herbert,1
3762,Irish_poetry,0
3763,Pre-Raphaelite_Brotherhood,0
3764,Typewriter,0
3765,Work_%28thermodynamics%29,4
3766,Equal_Protection_Clause,3
3767,Thulium,4
3768,Layla,5
3769,Scattered_disc,4
3770,Imagism,0
3771,The_Old_Man_and_the_Sea,3
3772,J._J._Thomson,1
3773,Eruption_column,4
3774,Richard_O%27Connor,0
3775,Eskimo,2
3776,Esox,2
3777,Mole_%28animal%29,2
3778,Lavender,2
3779,Soddo_language,1
3780,Ethiopian_Wolf,2
3781,Eurasian_Bullfinch,2
3782,Eurasian_Jay,2
3783,Tawny_Owl,2
3784,Eurasian_Oystercatcher,2
3785,Luxembourg_%28city%29,0
3786,European_Greenfinch,2
3787,European_Kingfisher,2
3788,Yuri_Gagarin,4
3789,Samarium,4
3790,Euston_Manifesto,0
3791,Eustreptospondylus,2
3792,Eva_Per%C3%B3n,0
3793,Evan_Rachel_Wood,3
3794,Evanton,1
3795,Glacier_National_Park_%28US%29,2
3796,Punctuated_equilibrium,2
3797,Tiktaalik,2
3798,Evolutionarily_stable_strategy,2
3799,Nash_equilibrium,0
3800,Exploration_of_Mars,4
3801,Phoenix_%28spacecraft%29,4
3802,Explorer_I,4
3803,Project_Vanguard,4
3804,Space_Race,4
3805,Sputnik_2,4
3806,Helmeted_Guineafowl,2
3807,Ivory-billed_Woodpecker,2
3808,Red_Kite,2
3809,Starling,2
3810,Gliese_876,4
3811,Gliese_876_d,4
3812,HD_209458_b,4
3813,Mu_Arae,4
3814,Orbit_%28anatomy%29,2
3815,Eye_%28cyclone%29,3
3816,H.D.,0
3817,F-4_Phantom_II,3
3818,FM_Consolidated_line,3
3819,FairTax,3
3820,Lerwick,1
3821,Peregrine_Falcon,2
3822,Falkirk_Wheel,1
3823,Stanley%2C_Falkland_Islands,3
3824,Fanny_Blankers-Koen,3
3825,Puffin,2
3826,Opus_Dei,0
3827,Galah,2
3828,Short-beaked_Echidna,2
3829,Tasmanian_Devil,2
3830,Wallaby,2
3831,W._Mark_Felt,3
3832,Open_source,6
3833,Felice_Beato,5
3834,Felix_the_Cat,3
3835,Ferdinandea,0
3836,Soil_structure,4
3837,Fetal_alcohol_spectrum_disorder,2
3838,Ffestiniog_Railway,1
3839,Snowdonia_National_Park,1
3840,Fieldfare,2
3841,Final_Fantasy_%28video_game%29,6
3842,Space_station,4
3843,Final_Fantasy_Adventure,6
3844,Financial_statements,5
3845,Post-glacial_rebound,1
3846,Firecrest,2
3847,Goldcrest,2
3848,Mormon_Trail,3
3849,Kochi_%28India%29,5
3850,Flag_of_Hong_Kong,5
3851,Flag_of_India,5
3852,Flag_of_Mexico,3
3853,Flag_of_South_Africa,1
3854,Flemish_dialects,0
3855,Hurricane_David,3
3856,North_Sea_flood_of_1953,1
3857,Tropical_Storm_Allison,3
3858,Henry_H._Rogers,3
3859,Henry_Morrison_Flagler,3
3860,Overseas_Railroad,3
3861,Virginian_Railway,3
3862,Floris_and_Blancheflour,3
3863,Floyd_Mayweather_Jr.,3
3864,Tin_whistle,5
3865,Foie_gras,1
3866,Forensic_facial_reconstruction,2
3867,Monaco_Grand_Prix,3
3868,Forrest_Gump,3
3869,Fort_de_Chartres,3
3870,Forth,6
3871,Forth_Road_Bridge,1
3872,Island_Fox,2
3873,Fractal,0
3874,Frances_Oldham_Kelsey,3
3875,IG_Farben_Building,0
3876,Franklin_B._Gowen,3
3877,Social_anxiety,1
3878,Frederick_Hamilton-Temple-Blackwood%2C_1st_Marquess_of_Dufferin_and_Ava,1
3879,Royal_Geographical_Society,1
3880,Niccol%C3%B2_Machiavelli,0
3881,Polar_ice_cap,4
3882,Water_resources,4
3883,Muhammad_Iqbal,0
3884,Zoroaster,0
3885,Sesame_Street,1
3886,Radish,2
3887,Rhubarb,2
3888,Fugu,2
3889,Scheme_programming_language,6
3890,Fundamental_Rights_in_India,0
3891,Fur_language,1
3892,Ubuntu_%28Linux_distribution%29,6
3893,GNU_Linux_naming_controversy,6
3894,Hubble_Deep_Field,4
3895,Galerina,2
3896,Leaning_Tower_of_Pisa,0
3897,Gallery_of_the_Kings_and_Queens_of_England,1
3898,Gallimimus,2
3899,SimCity,6
3900,Ultimatum_game,0
3901,Ganges_shark,2
3902,Gangtok,5
3903,Lhasa,5
3904,Garden_Gnome_Liberation_Front,1
3905,Gas_metal_arc_welding,4
3906,Liquid_crystal,4
3907,Shielded_metal_arc_welding,4
3908,Gas_turbine-electric_locomotive,3
3909,General_Pershing_Zephyr,3
3910,Gentoo_penguin,2
3911,Glaciology,4
3912,Geography_of_Africa,1
3913,Lake_Turkana,2
3914,Geography_of_India,5
3915,Geography_of_Ireland,1
3916,Giant%27s_Causeway,1
3917,Geography_of_Texas,4
3918,Soil_science,4
3919,Geology_of_Dorset,2
3920,New_Forest,1
3921,Geology_of_the_Grand_Canyon_area,2
3922,Georg_Forster,0
3923,Georg_von_Boeselager,0
3924,George_Byron%2C_6th_Baron_Byron,2
3925,George_Fox,1
3926,Order_of_St._Patrick,1
3927,George_Thomas_Coker,3
3928,Mount_Rushmore,3
3929,South_Ossetia,1
3930,Ho_Chi_Minh_City,5
3931,Merseburg_Incantations,0
3932,Ghost_Dance,3
3933,Giant_Hogweed,2
3934,Washington_Metro,3
3935,Rock_of_Gibraltar,1
3936,Gilles_Villeneuve,3
3937,Hubbard_Glacier,2
3938,Jocelin,1
3939,Still_Game,1
3940,Glastonbury_Festival,5
3941,Gliese_876_b,4
3942,Gliese_876_c,4
3943,Global,2
3944,Global_spread_of_H5N1,5
3945,H5N1,5
3946,Sudoku,0
3947,Globe_Theatre,1
3948,Space_Shuttle_program,4
3949,Gmail,5
3950,Jehovah,0
3951,Gold%28III%29_chloride,4
3952,Golden_Gate_Highlands_National_Park,2
3953,Goleta%2C_California,3
3954,Shelduck,2
3955,Gordon_Griffith,3
3956,Mountain_Gorilla,2
3957,Government_of_France,0
3958,Gowanus_Canal,3
3959,Grand_Central_Station_%28Chicago%29,3
3960,Northern_Pacific_Railway,3
3961,Grand_Central_Terminal,3
3962,Grand_Forks%2C_North_Dakota,3
3963,Grange_Hill,1
3964,Graniteville_train_disaster,3
3965,Grape_seed_oil,2
3966,Watchmen,3
3967,Grease_%28film%29,3
3968,Oil_reservoir,4
3969,Great_Black-backed_Gull,2
3970,Great_Bustard,2
3971,Great_Comet_of_1882,4
3972,Great_Crested_Grebe,2
3973,Great_Lakes_Storm_of_1913,3
3974,Weather_forecasting,4
3975,Slavic_mythology,0
3976,Sea_of_Galilee,0
3977,Great_Spotted_Woodpecker,2
3978,Great_hammerhead,2
3979,Greater_Cane_Rat,2
3980,Tenzin_Gyatso%2C_14th_Dalai_Lama,5
3981,Temple_of_Artemis,0
3982,Green_Woodpecker,2
3983,Medieval_music,0
3984,Gremlins,6
3985,Grevy%27s_Zebra,2
3986,Isaac_Brock,1
3987,Stornoway,1
3988,Wrench,3
3989,Gustavus_Franklin_Swift,3
3990,Refrigerator_car,3
3991,Stock_car_%28rail%29,3
3992,HD_217107,4
3993,HD_217107_b,4
3994,HD_217107_c,4
3995,HD_28185,4
3996,HD_28185_b,4
3997,HIV_AIDS_in_Africa,1
3998,HMS_E18,1
3999,HSBC,5
4000,Mark_Webber,5
4001,Spyware,6
4002,Orion_Nebula,4
4003,Navassa_Island,3
4004,Haji_Mohammad_Suharto,1
4005,Halfbeak,2
4006,Hamilton-Burr_duel,3
4007,Hampstead_Heath,1
4008,Ho_Chi_Minh,5
4009,Harald_Maddadsson,1
4010,Hardball_squash,3
4011,Harley-Davidson,5
4012,James_Callaghan,1
4013,Harrier_Hawk,2
4014,Lord_Voldemort,0
4015,Hasekura_Tsunenaga,5
4016,Osmium,4
4017,Hawfinch,2
4018,Hawk-Eye,5
4019,Heilbronn,0
4020,Helen_Gandy,3
4021,Helicobacter_pylori,4
4022,Hello_Garci_scandal,5
4023,William_N._Page,3
4024,Real_tennis,0
4025,Henry_Wood_%28conductor%29,0
4026,Hepatorenal_syndrome,4
4027,Herbig-Haro_object,4
4028,Hermann_Maier,0
4029,Hero_of_Ukraine,0
4030,Hero_of_the_Russian_Federation,3
4031,Herrerasaurus,2
4032,Hey_Jude,5
4033,I_Want_to_Hold_Your_Hand,5
4034,Hickman%27s_potentilla,3
4035,Yeti,5
4036,Himno_Nacional_Mexicano,3
4037,Reggaeton,3
4038,Hiroh_Kikai,5
4039,History_of_Alaska,3
4040,Malaspina_Glacier,2
4041,Scotland_in_the_High_Middle_Ages,1
4042,History_of_Arizona,3
4043,Phoenix_Zoo,2
4044,History_of_Buddhism,5
4045,History_of_Burnside,5
4046,History_of_Cape_Colony_from_1806_to_1870,1
4047,History_of_Cape_Colony_from_1870_to_1899,1
4048,History_of_Central_Asia,0
4049,Sputnik_1,4
4050,History_of_Greenland,2
4051,History_of_Limerick,1
4052,History_of_Louisville%2C_Kentucky,3
4053,History_of_Miami%2C_Florida,3
4054,History_of_New_Jersey,3
4055,History_of_Northwest_Territories_capital_cities,3
4056,History_of_Poland_%281945%E2%80%931989%29,0
4057,History_of_Portugal_%281777%E2%80%931834%29,3
4058,History_of_Puerto_Rico,3
4059,History_of_South_Carolina,3
4060,History_of_Russia,0
4061,History_of_post-Soviet_Russia,0
4062,Polish-Muscovite_War_%281605%E2%80%931618%29,0
4063,Russian_constitutional_crisis_of_1993,0
4064,History_of_Singapore,5
4065,United_Malays_National_Organisation,5
4066,History_of_Solidarity,0
4067,History_of_Wikipedia,6
4068,Jimmy_Wales,6
4069,Jordanhill_railway_station,1
4070,Ward_Cunningham,6
4071,Wikimedia_Foundation,6
4072,History_of_the_Internet,6
4073,History_of_education,0
4074,History_of_merit_badges_%28Boy_Scouts_of_America%29,3
4075,History_of_painting,0
4076,Western_painting,0
4077,History_of_saffron,0
4078,History_of_slavery,0
4079,Japanese_war_crimes,5
4080,Third_Servile_War,0
4081,History_of_the_Australian_Capital_Territory,2
4082,History_of_the_Grand_Canyon_area,3
4083,History_of_the_Netherlands,0
4084,History_of_the_Panama_Canal,3
4085,History_of_the_Portuguese_Communist_Party,0
4086,Portuguese_Communist_Party,0
4087,History_of_the_Royal_Australian_Navy,5
4088,History_of_the_West_Indian_cricket_team,1
4089,Holkham_Hall,0
4090,Matthew_Brettingham,1
4091,Space_Invaders,6
4092,House_Martin,2
4093,Swallow,2
4094,Sparrow,2
4095,Tree_Sparrow,2
4096,Jarvis_Island,5
4097,Hrafnkels_saga,0
4098,Spherical_aberration,4
4099,Hugo_Wolf,0
4100,Human_abdomen,0
4101,Thomas_Samuel_Kuhn,0
4102,Humbert_Roque_Versace,3
4103,Sperm_Whale,2
4104,Music_of_Hungary,0
4105,Hurricane_Gloria,3
4106,Hurricane_Danny_%281997%29,3
4107,Hurricane_Edouard_%281996%29,3
4108,Hurricane_Felix_%281995%29,1
4109,Hurricane_John_%281994%29,3
4110,Hurricane_John_%282006%29,3
4111,Hurricane_Marty_%282003%29,3
4112,Kubla_Khan,0
4113,Royal_Parks_of_London,1
4114,Sodium_sulfate,4
4115,Soil_moisture,4
4116,Hypsilophodon,2
4117,Napster,6
4118,Lost_%28TV_series%29,6
4119,Idit_Harel_Caperton,0
4120,Ike_Altgens,3
4121,Income_disparity,5
4122,Kargil_War,5
4123,Indian_Institutes_of_Technology,5
4124,Indian_Peafowl,2
4125,Peafowl,2
4126,John_Bull_%28locomotive%29,3
4127,List_of_Test_cricket_triple_centuries,5
4128,Nematode,2
4129,The_Mismeasure_of_Man,0
4130,InterBase,6
4131,International_English,5
4132,Space_Shuttle_Endeavour,4
4133,OpenOffice.org,6
4134,Phishing,6
4135,Introduction_to_special_relativity,4
4136,Iowa_class_battleship,3
4137,USS_Wisconsin_%28BB-64%29,5
4138,Reza_Shah,0
4139,Iraq_and_weapons_of_mass_destruction,1
4140,Ireland_King_of_Arms,1
4141,Paul_Kane,3
4142,Iron_Mike,3
4143,Krag-J%C3%B8rgensen,3
4144,Spirit_of_the_American_Doughboy,3
4145,John_W._Campbell,3
4146,Three_Laws_of_Robotics,0
4147,Music_of_the_trecento,0
4148,Papal_conclave,0
4149,J%C3%B3rv%C3%ADk,1
4150,Jackanory,1
4151,Sandy_Koufax,3
4152,Jacob_Riis,3
4153,To_Kill_a_Mockingbird,3
4154,James_Lovelock,4
4155,James_T._Aubrey%2C_Jr.,3
4156,Keira_Knightley,3
4157,Pride_and_Prejudice,1
4158,Peak_District,4
4159,Mario,6
4160,Sumo,5
4161,Japanese_grammar,3
4162,Shroud_of_Turin,0
4163,Jet_Set_Willy,6
4164,Jiaogulan,5
4165,Marcel_Lefebvre,0
4166,Saint_Joan_%28play%29,0
4167,Joel_Brand,0
4168,Rudolf_Vrba,0
4169,John_A.T._Robinson,1
4170,Mother_Teresa,3
4171,John_Henninger_Reagan,3
4172,John_Pershing,3
4173,John_Seigenthaler%2C_Sr.,3
4174,John_Sentamu,1
4175,John_W._Johnston,3
4176,William_Mahone,3
4177,Llywelyn_the_Great,1
4178,Joseph_and_the_Amazing_Technicolor_Dreamcoat,1
4179,Julius_and_Ethel_Rosenberg,3
4180,July_2006_Java_earthquake,5
4181,Jump_rope,0
4182,K%C4%ABlauea,4
4183,Kakariki,2
4184,Muhammad_Ali_Jinnah,5
4185,Karikkoselk%C3%A4,4
4186,Keurusselk%C3%A4,4
4187,Katyn_massacre,3
4188,Red_rain_in_Kerala,4
4189,Kestrel,2
4190,Kevin_Spacey,3
4191,Khan_Wali_Khan,5
4192,Khudai_Khidmatgar,5
4193,Oleg_of_Novgorod,0
4194,Kidnapped_%28novel%29,1
4195,Moldovans,1
4196,Kigo,2
4197,Kingman_Reef,3
4198,Kipchaks_in_Georgia,0
4199,Nathu_La,5
4200,Ray_of_Light,5
4201,LANSA_Cuzco_Crash,3
4202,Ladysmith_Black_Mambazo,0
4203,Laika,4
4204,Sputnik_program,4
4205,Yenisei_River,2
4206,Morecambe_Bay,1
4207,Lake_Kariba,2
4208,Lancia_Flaminia,0
4209,Split_infinitive,0
4210,Lawrencium,4
4211,Welsh_law,0
4212,Ununquadium,4
4213,Lead%28II%29_nitrate,4
4214,Lemon_myrtle,2
4215,Leo_%28constellation%29,4
4216,Lesothosaurus,2
4217,Monarchies_in_the_European_Union,1
4218,Lighthouse_of_Alexandria,0
4219,Lincoln_%28automobile%29,3
4220,Lincoln_Town_Car,3
4221,Link_%28The_Legend_of_Zelda%29,6
4222,Super_Mario_Bros.,6
4223,Linnet,2
4224,List_of_African_countries,1
4225,List_of_Asian_countries,5
4226,List_of_European_countries,1
4227,List_of_North_American_countries,1
4228,List_of_Oceanian_countries,5
4229,List_of_South_American_countries,3
4230,List_of_Archbishops_of_Canterbury,1
4231,William_Edington,1
4232,List_of_Canadian_provinces_and_territories_by_area,2
4233,List_of_European_Union_member_states_by_accession,1
4234,List_of_Prime_Ministers_of_the_United_Kingdom,1
4235,List_of_animal_welfare_groups,2
4236,Protactinium,4
4237,Ununbium,4
4238,Ununtrium,4
4239,List_of_lakes,1
4240,Loch_Ness,1
4241,List_of_members_of_the_Commonwealth_of_Nations_by_date_joined,1
4242,List_of_minerals,4
4243,List_of_popes,0
4244,List_of_rivers_by_length,1
4245,Mackenzie_River,2
4246,List_of_universities_in_the_United_Kingdom,1
4247,Moringa_oleifera,2
4248,Oenothera,2
4249,List_of_world%27s_largest_lakes,2
4250,Little_Women,3
4251,Rainhill_Trials,1
4252,Snowdonia,1
4253,Local_government_in_the_United_Kingdom,1
4254,Logba_language,1
4255,London_sewerage_system,1
4256,Long-billed_Vulture,2
4257,Long-tailed_Tit,2
4258,P%C3%B3voa_de_Varzim,0
4259,Lope_de_Barrientos,0
4260,Wikisource,0
4261,Lottie_Dod,1
4262,Louis_Freeh,0
4263,Tom_and_Jerry_%28MGM%29,6
4264,Lucy%2C_Lady_Duff-Gordon,3
4265,M-10001,3
4266,M-10003-6,3
4267,Madama_Butterfly,5
4268,Magdalena_Abakanowicz,0
4269,Mahjong,5
4270,Makuria,0
4271,Nobiin_language,0
4272,Old_Nubian_language,0
4273,Mallard,2
4274,Mamenchisaurus,2
4275,Wayne_Rooney,1
4276,Mandan,3
4277,Map_projection,4
4278,Marc_Pugh,1
4279,Marcus_Allen,3
4280,Marginated_Tortoise,2
4281,Super_Mario_64,6
4282,Mark_Twain_House,3
4283,Martello_tower,1
4284,Mary_Kingsley,1
4285,Olaudah_Equiano,1
4286,Mary_Somerville,0
4287,Matilda_of_Boulogne,1
4288,Mausoleum_of_Maussollos,0
4289,Shrine_of_Remembrance,0
4290,Mega_Man_X_%28character%29,6
4291,Menthol,4
4292,Tropical_Storm_Leslie_%282000%29,3
4293,Michael_Woodruff,5
4294,Sistine_Chapel_ceiling,0
4295,Mickey_Mantle,3
4296,Optical_microscope,4
4297,Milgram_experiment,0
4298,Military_history_of_Canada,1
4299,Military_history_of_Puerto_Rico,3
4300,Military_history_of_France,0
4301,Pedro_del_Valle,3
4302,Military_history_of_the_Soviet_Union,0
4303,Milk_thistle,2
4304,Milkshake,2
4305,Minmi_%28dinosaur%29,2
4306,Norman_Borlaug,3
4307,Mirabilis_%28plant%29,2
4308,Miranda_Otto,5
4309,Song_Thrush,2
4310,Mixtape,5
4311,Monarda_didyma,2
4312,Mongol_invasion_of_Central_Asia,0
4313,Shackleton_%28crater%29,4
4314,Moorgate,1
4315,Moorhen,2
4316,Morris_dance,1
4317,Onion_dome,0
4318,Trans-Siberian_Railway,5
4319,Mount_Baker,3
4320,Multiple_sequence_alignment,4
4321,Music_of_Albania,0
4322,Music_of_Antigua_and_Barbuda,5
4323,Music_of_Trinidad_and_Tobago,5
4324,Music_of_Dominica,5
4325,Music_of_Martinique_and_Guadeloupe,5
4326,Music_of_the_Lesser_Antilles,1
4327,Music_of_New_Zealand,5
4328,Music_of_Italy,0
4329,Music_of_the_Bahamas,5
4330,Music_of_Thailand,5
4331,Mustard_seed,2
4332,Myco-heterotrophy,2
4333,Myxobolus_cerebralis,2
4334,War_in_Somalia_%282006%E2%80%93present%29,1
4335,Nadia_Com%C4%83neci,0
4336,Naked_Mole_Rat,2
4337,Nanomedicine,4
4338,The_Seagull,0
4339,National_Anthem_of_Russia,0
4340,The_Broads,2
4341,Yorkshire_Dales,2
4342,Sociocultural_evolution,0
4343,Negros_Oriental,2
4344,Pinworm,2
4345,Whipworm,2
4346,Nepenthes_rajah,4
4347,Nephron,4
4348,New_York_City_Subway_nomenclature,3
4349,Newshounds,3
4350,Newsround,6
4351,Space_Shuttle_Challenger,4
4352,Niccol%C3%B2_dell%27Abbate,0
4353,Raney_nickel,4
4354,Nicobar_Long-tailed_Macaque,2
4355,Nigella,2
4356,Nine_Million_Bicycles,5
4357,The_Legend_of_Zelda_series,6
4358,Svart%C3%A1lfar,0
4359,Northwest_Africa,2
4360,Nostradamus,0
4361,Timken_1111,3
4362,Oroonoko,1
4363,Novelty_%28locomotive%29,1
4364,Nurse_sharks,2
4365,Ohm,4
4366,Ollanta_Humala,3
4367,Statue_of_Zeus_at_Olympia,0
4368,One_Flew_Over_the_Cuckoo%27s_Nest_%28novel%29,0
4369,One_Foot_in_the_Grave,1
4370,Opuntia_imbricata,2
4371,Ormulum,0
4372,The_Magic_Flute,0
4373,Tim_Henman,5
4374,PRR_M1,3
4375,Pikachu,6
4376,Urial,2
4377,Palazzo_Pitti,0
4378,Palio_di_Siena,3
4379,Paricut%C3%ADn,3
4380,Social_contract_%28Malaysia%29,5
4381,Senate_of_Canada,3
4382,Rose-ringed_Parakeet,2
4383,Star_Trek__The_Original_Series,3
4384,Society_of_Merchant_Venturers,1
4385,Peaceful_coexistence,5
4386,Shenzhou_6,5
4387,Pere_Marquette_1225,3
4388,Perfect_number,0
4389,Periodic_table_%28large_version%29,4
4390,Yagan,2
4391,Phenylketonuria,2
4392,Phineas_Gage,3
4393,Phla-Pher%C3%A1_languages,1
4394,Phosphorus_trichloride,4
4395,Phosphoryl_chloride,4
4396,Wave%E2%80%93particle_duality,4
4397,Photosynthetic_reaction_centre,4
4398,Photovoltaic_array,4
4399,Pied_Avocet,2
4400,Plains_Zebra,2
4401,Proxima_Centauri,4
4402,Safflower,2
4403,Plant_cell,4
4404,Plateosaurus,2
4405,Uluru,4
4406,Ringed_Plover,2
4407,Tufted_Duck,2
4408,Poison_gas_in_World_War_I,3
4409,Polish%E2%80%93Muscovite_War_%281605%E2%80%931618%29,0
4410,Stanis%C5%82aw_Koniecpolski,0
4411,Political_integration_of_India,5
4412,Pop_Idol,6
4413,Population_history_of_American_indigenous_peoples,3
4414,Postman_Pat,1
4415,Working_poor,0
4416,Prehistoric_man,0
4417,The_Curious_Incident_of_the_Dog_in_the_Night-time,0
4418,Primula,2
4419,Scent_of_a_Woman,3
4420,Pro_Milone,0
4421,Project_MKULTRA,3
4422,Psittacosaurus,2
4423,Pygmy_Hippopotamus,2
4424,Quatermass_and_the_Pit,6
4425,Radhanite,0
4426,Spacecraft_propulsion,4
4427,Raising_the_Flag_on_Iwo_Jima,3
4428,Rebecca_Helferich_Clarke,3
4429,Reed_Bunting,2
4430,Troop_sleeper,3
4431,The_Country_Wife,1
4432,Restoration_literature,1
4433,Shoshone_National_Forest,4
4434,Revised_Standard_Version,0
4435,Rhodium%28III%29_chloride,4
4436,Riesling,0
4437,Severn_crossing,1
4438,Roan_Antelope,2
4439,Rock_Bunting,2
4440,Roman_Vishniac,0
4441,Rondane_National_Park,2
4442,Royal_Grammar_School_Worcester,1
4443,S-mine,0
4444,S._A._Andr%C3%A9e%27s_Arctic_balloon_expedition_of_1897,1
4445,SD26,4
4446,SR-71_Blackbird,3
4447,Samantha_Smith,0
4448,San_Diego_Electric_Railway,3
4449,San_Diego_and_Arizona_Railway,3
4450,San_Francisco_garter_snake,2
4451,Sand_shark,2
4452,Sandur,2
4453,Santamar%C3%ADa_%28volcano%29,4
4454,Sasha_%28DJ%29,1
4455,Sauropsid,2
4456,Saxicola,2
4457,Scanian_%28linguistics%29,0
4458,Scelidosaurus,2
4459,Schuttern_Gospels,0
4460,Scooby-Doo,6
4461,Scotch_College%2C_Perth,5
4462,Scott_Special,3
4463,Sears_Catalog_Home,3
4464,Selena,3
4465,Ziad_Jarrah,0
4466,Starship_Troopers,0
4467,Shabo_language,1
4468,Zebra_shark,2
4469,Sharon_Tate,3
4470,Shenzhou_spacecraft,5
4471,Space_suit,4
4472,Shigin,5
4473,Shrimp_farm,5
4474,Sicilian_Baroque,0
4475,Sunset_Boulevard_%281950_film%29,3
4476,Simca_Vedette,3
4477,Sino-German_cooperation_%281911-1941%29,5
4478,Sino-Roman_relations,0
4479,Six-party_talks_concerning_North_Korea%27s_nuclear_program,5
4480,Snaefell_Mountain_Railway,4
4481,Snake_charming,5
4482,Soil_profile,4
4483,Southern_Pacific_4449,3
4484,Southern_Rockhopper_Penguin,2
4485,Trapdoor_spider,2
4486,Spix%27s_Macaw,2
4487,Spotted_Flycatcher,2
4488,St_Buryan,1
4489,St_Michael%27s_Mount,1
4490,Theatre_in_the_round,3
4491,Stanis%C5%82aw_Lem,0
4492,StarCraft,6
4493,Star_Fox__Assault,6
4494,Stephen_Trigg,3
4495,Steve_Davis,1
4496,Stickleback,2
4497,Storm_of_October_1804,3
4498,Stourbridge_Lion,3
4499,Struthiomimus,2
4500,Suburbs_of_Johannesburg,2
4501,Sudanic_languages,1
4502,Summer_Hill%2C_New_South_Wales,5
4503,Voynich_manuscript,0
4504,Sunol_Water_Temple,0
4505,Sustainable_forestry,2
4506,Swedish_allotment_system,1
4507,Swiss_Federal_Council,0
4508,Swissair_Flight_111,3
4509,Sydney_Riot_of_1879,5
4510,Sylvanus_Morley,3
4511,Yuri_Knorosov,0
4512,T._D._Judah,3
4513,Tacitean_studies,0
4514,Tagoi_language,0
4515,Templon,0
4516,Terik,1
4517,The_Beatles_discography,5
4518,The_Catcher_in_the_Rye,3
4519,The_Catlins,2
4520,The_Children%27s_Machine,6
4521,The_Famous_Five_%28characters%29,6
4522,The_Frogs,0
4523,The_King%27s_Regiment_%28Liverpool%29,1
4524,Toy_Story,2
4525,The_Oz_books,3
4526,Where_Did_Our_Love_Go,3
4527,Therizinosaurus,2
4528,Theta,0
4529,Three_Mile_Island_accident,4
4530,Timeline_of_discovery_of_solar_system_planets_and_their_natural_satellites,4
4531,Tin%28II%29_chloride,4
4532,Tiridates_I_of_Armenia,3
4533,Titanosauridae,2
4534,Tone_cluster,5
4535,Toraja,0
4536,Duchenne_muscular_dystrophy,2
4537,Klinefelter%27s_syndrome,2
4538,Trabancos_River,2
4539,Trade_and_usage_of_saffron,2
4540,Treaty_of_Devol,0
4541,Triggerplant,5
4542,Trobairitz,0
4543,Tropical_Storm_Bilis_%282006%29,5
4544,Typhoon_Saomai_%282006%29,5
4545,Tropical_Storm_Chris_%282006%29,3
4546,Tropical_Storm_Danielle_%281992%29,3
4547,Tropical_Storm_Isabel_%281985%29,3
4548,Tropical_Storm_Vamei,5
4549,Turkish_literature,0
4550,Turner_syndrome,2
4551,Typhoon_Ewiniar_%282006%29,5
4552,United_States_Numbered_Highways,3
4553,Uffington_White_Horse,2
4554,Umbrella_Cockatoo,2
4555,United_Kingdom_national_football_team,1
4556,United_for_Peace_and_Justice,3
4557,Upsilon_Andromedae_b,4
4558,Upsilon_Andromedae_c,4
4559,Upsilon_Andromedae_d,4
4560,Ursuline_Convent_Riots,0
4561,Vernon_Kell,1
4562,Wars_of_Castro,0
4563,Warsaw_Uprising_%281794%29,0
4564,Washington_streetcars,3
4565,Weather_map,3
4566,Westport_Country_Playhouse,3
4567,Weyauwega_derailment,3
4568,Weyto_language,0
4569,White%27s_Tree_Frog,2
4570,White_Mountain_art,3
4571,White_Wagtail,2
4572,Whitethroat,2
4573,Wigeon,2
4574,Wikispecies,6
4575,Winfield_Scott_%28ship%29,3
4576,Winston_Tunnel,3
4577,Wolf_Brother,1
4578,Woodruff,2
4579,Wyndham_Robertson,3
4580,X-Men__The_Last_Stand,4
4581,X_Window_System_protocols_and_architecture,6
4582,X_Window_core_protocol,6
4583,Xanadu_House,3
4584,Yellowhammer,2
4585,Yotsuya_Kaidan,5
4586,You%27re_Still_the_One,5
4587,Yungay%2C_Peru,3
4588,Zara_Yaqob,1
